Station_ID,City,Region,Latitude,Longitude,Date,Time,PM2.5,PM10,NO2,SO2,CO,O3,Temperature_C,Humidity_%,Wind_Speed_kmh,Wind_Direction,Rainfall_mm,AQI,Air_Quality_Level
AQ1000,Peshawar,Sindh,26.72178,73.91804,2024-01-01,04:00,53.87,346.76,116.14,22.54,7.85,108.47,31.1,59,38.1,N,21.0,203,Good
AQ1001,Quetta,Sindh,26.03366,73.42522,2024-01-02,03:00,295.47,397.65,132.21,76.56,2.76,184.58,18.8,47,3.1,SE,39.4,230,Very Unhealthy
AQ1002,Karachi,KPK,29.78432,69.29904,2024-01-03,17:30,57.31,333.84,111.96,3.03,6.68,33.48,31.8,50,13.3,N,13.7,395,Hazardous
AQ1003,Peshawar,Balochistan,32.05521,67.66906,2024-01-04,23:30,170.21,232.08,19.52,74.56,12.81,153.08,40.6,50,18.9,NW,19.1,290,Unhealthy
AQ1004,Islamabad,Sindh,35.05882,72.0798,2024-01-05,18:30,204.14,57.0,72.39,72.04,1.3,123.88,33.1,45,9.3,NE,8.4,305,Very Unhealthy
AQ1005,Lahore,Islamabad Capital,27.01552,66.70885,2024-01-06,00:30,247.65,382.7,35.74,7.25,13.85,121.83,31.9,23,29.6,NE,12.6,338,Good
AQ1006,Lahore,Sindh,30.23542,69.81379,2024-01-07,21:00,143.19,346.82,51.02,49.18,13.08,187.58,35.3,77,27.5,S,9.5,484,Moderate
AQ1007,Islamabad,Punjab,32.41672,66.77276,2024-01-08,02:00,280.8,339.74,72.97,63.25,12.85,191.63,25.0,98,4.7,NW,1.2,333,Very Unhealthy
AQ1008,Lahore,KPK,29.79272,71.38119,2024-01-09,08:00,149.27,168.89,37.12,33.5,3.06,56.33,13.8,42,22.8,S,2.3,470,Very Unhealthy
AQ1009,Islamabad,Punjab,29.90452,66.24488,2024-01-10,18:00,83.1,189.93,79.81,9.16,7.32,163.61,37.6,88,14.8,SW,41.8,295,Unhealthy
AQ1010,Quetta,Balochistan,26.92652,71.66315,2024-01-11,17:00,181.98,65.47,98.28,66.69,9.28,127.95,30.9,79,9.1,SW,40.2,21,Good
AQ1011,Islamabad,Balochistan,36.82659,72.05885,2024-01-12,03:30,200.82,376.39,131.86,38.39,1.59,87.68,17.6,62,33.9,N,7.0,174,Moderate
AQ1012,Lahore,KPK,30.17751,70.3843,2024-01-13,21:00,157.14,378.43,35.66,22.53,8.4,136.47,16.0,45,2.2,NW,33.4,495,Moderate
AQ1013,Quetta,Sindh,30.92565,67.57507,2024-01-14,01:00,222.62,116.69,50.03,7.53,12.62,191.63,25.0,86,18.7,SW,37.3,241,Unhealthy
AQ1014,Islamabad,Balochistan,26.84127,66.91255,2024-01-15,01:00,132.0,284.48,63.84,51.93,14.05,108.21,13.3,87,19.0,NW,2.6,330,Moderate
AQ1015,Islamabad,Islamabad Capital,30.68378,68.81963,2024-01-16,00:00,11.26,97.33,37.56,5.3,4.25,188.62,40.1,74,22.8,NE,4.4,65,Hazardous
AQ1016,Quetta,KPK,27.31954,70.18686,2024-01-17,11:30,86.72,169.32,53.15,63.71,4.4,132.15,36.5,66,7.9,SW,28.2,393,Very Unhealthy
AQ1017,Karachi,Punjab,26.63037,71.77987,2024-01-18,22:00,284.31,134.9,133.09,62.12,4.13,101.75,17.3,78,34.8,SW,18.7,426,Very Unhealthy
AQ1018,Lahore,Islamabad Capital,27.58439,66.01125,2024-01-19,14:30,231.33,168.04,25.1,27.19,2.39,132.39,7.0,94,38.6,SE,35.0,452,Moderate
AQ1019,Karachi,KPK,24.03588,72.39958,2024-01-20,20:30,64.96,137.41,69.34,38.84,6.52,124.48,7.1,94,22.0,N,27.9,93,Moderate
AQ1020,Quetta,Islamabad Capital,31.41196,72.41441,2024-01-21,12:30,29.33,151.21,50.09,54.2,11.79,90.12,16.9,35,10.2,W,1.6,212,Moderate
AQ1021,Quetta,KPK,29.03724,70.00084,2024-01-22,18:30,111.73,320.6,16.19,76.81,10.71,116.87,10.9,77,35.1,N,34.2,240,Very Unhealthy
AQ1022,Peshawar,Punjab,35.68296,69.09066,2024-01-23,21:00,252.53,134.01,18.94,42.57,13.51,143.62,39.9,20,39.5,N,10.2,480,Moderate
AQ1023,Peshawar,Sindh,24.52919,73.58078,2024-01-24,19:30,40.73,329.58,118.81,79.74,5.4,169.38,21.8,64,29.7,S,15.6,408,Hazardous
AQ1024,Quetta,KPK,24.5616,73.06129,2024-01-25,21:00,167.57,235.81,128.59,27.36,8.63,67.82,18.9,25,13.3,NE,36.8,109,Hazardous
AQ1025,Peshawar,Balochistan,35.51636,74.84948,2024-01-26,18:30,89.75,316.57,112.5,43.07,11.52,12.78,13.7,71,9.4,SE,38.6,46,Very Unhealthy
AQ1026,Islamabad,Punjab,25.64638,69.34738,2024-01-27,21:30,220.61,369.18,83.19,11.02,13.48,114.73,38.6,38,6.3,W,17.3,390,Good
AQ1027,Karachi,Punjab,24.02808,74.16149,2024-01-28,01:00,10.12,72.6,117.04,45.4,13.09,102.96,36.7,62,9.4,N,4.5,359,Good
AQ1028,Quetta,Islamabad Capital,26.32588,66.78662,2024-01-29,06:00,90.38,150.68,27.04,43.83,7.04,20.3,20.4,38,9.1,N,38.5,155,Good
AQ1029,Islamabad,Balochistan,34.71039,69.70319,2024-01-30,17:30,206.98,41.11,118.13,68.21,13.61,130.18,11.8,58,38.7,S,43.5,79,Hazardous
AQ1030,Lahore,Islamabad Capital,34.43528,70.18837,2024-01-31,20:00,168.56,174.63,66.4,79.73,6.72,188.87,43.1,51,25.7,NW,48.2,44,Unhealthy
AQ1031,Lahore,Punjab,28.42172,69.96787,2024-02-01,23:30,235.87,110.21,113.8,78.92,13.55,86.42,17.6,84,6.7,E,15.9,356,Good
AQ1032,Peshawar,KPK,32.6844,71.62588,2024-02-02,05:30,55.73,237.24,38.02,20.43,11.68,179.93,35.8,66,19.5,NE,6.2,194,Unhealthy
AQ1033,Peshawar,Balochistan,30.59425,67.53187,2024-02-03,09:30,163.98,317.69,125.72,28.4,3.4,164.49,23.5,32,7.4,NE,46.9,236,Very Unhealthy
AQ1034,Islamabad,Punjab,35.76155,73.79807,2024-02-04,19:00,66.77,204.82,87.38,23.42,13.95,40.73,36.3,93,24.2,NE,20.0,210,Hazardous
AQ1035,Lahore,Balochistan,24.73351,70.96588,2024-02-05,21:30,195.37,146.78,6.06,17.58,3.71,159.58,24.3,55,13.7,N,4.7,267,Good
AQ1036,Quetta,KPK,34.57133,74.13789,2024-02-06,03:30,48.09,77.97,80.29,13.71,13.64,108.17,42.0,89,7.8,SW,24.9,82,Hazardous
AQ1037,Karachi,Sindh,26.21778,66.02368,2024-02-07,23:00,53.12,30.2,49.99,41.92,9.27,184.54,37.0,46,9.7,N,9.5,112,Very Unhealthy
AQ1038,Peshawar,Islamabad Capital,29.09107,71.66989,2024-02-08,00:30,105.18,277.6,13.34,70.05,10.04,45.99,15.4,91,27.0,N,17.8,266,Hazardous
AQ1039,Islamabad,Islamabad Capital,26.49544,69.71212,2024-02-09,05:00,126.55,31.61,69.86,48.01,1.73,33.76,22.2,43,16.3,SW,16.0,130,Moderate
AQ1040,Peshawar,Punjab,33.13399,70.54589,2024-02-10,10:00,154.58,369.92,50.16,70.07,1.08,55.84,9.0,39,20.5,NW,49.4,316,Good
AQ1041,Islamabad,Punjab,32.81824,72.69424,2024-02-11,18:00,178.4,245.81,34.64,76.84,14.53,21.33,41.1,28,32.9,E,32.0,449,Hazardous
AQ1042,Lahore,KPK,31.12267,68.04437,2024-02-12,02:30,145.96,154.25,55.62,31.89,5.12,70.82,7.8,58,26.2,N,24.6,55,Hazardous
AQ1043,Peshawar,Punjab,33.07612,67.84409,2024-02-13,09:00,23.24,35.93,31.04,67.18,12.68,63.77,5.7,20,18.5,SW,25.7,377,Hazardous
AQ1044,Islamabad,Punjab,32.31434,72.32707,2024-02-14,14:30,109.6,177.12,48.47,6.08,10.6,89.08,24.9,30,38.2,NE,30.2,237,Very Unhealthy
AQ1045,Islamabad,Punjab,34.09375,70.69229,2024-02-15,22:30,27.8,349.57,21.72,39.52,9.1,97.97,29.1,93,8.6,NW,43.6,25,Good
AQ1046,Peshawar,Balochistan,27.11229,68.10275,2024-02-16,19:00,44.24,388.53,17.23,30.73,10.31,37.5,13.9,20,11.6,SW,7.3,341,Good
AQ1047,Karachi,Balochistan,29.57586,70.35617,2024-02-17,21:30,36.92,52.27,136.95,17.98,1.43,127.68,27.8,63,36.5,SW,30.0,244,Moderate
AQ1048,Quetta,Sindh,25.97114,70.13603,2024-02-18,17:30,55.85,315.31,135.9,36.19,6.24,52.48,40.8,70,34.1,SW,16.1,208,Moderate
AQ1049,Lahore,Balochistan,29.58472,72.223,2024-02-19,09:30,245.75,118.18,125.06,36.61,9.15,33.17,30.0,36,5.2,NE,28.6,289,Hazardous
AQ1050,Peshawar,Islamabad Capital,33.12199,66.02395,2024-02-20,04:30,192.0,164.19,38.4,65.07,13.03,144.67,23.2,85,37.2,S,25.9,497,Good
AQ1051,Peshawar,Sindh,32.98809,71.28084,2024-02-21,11:30,156.97,228.12,110.25,69.78,10.75,14.32,10.8,42,0.4,E,1.5,182,Good
AQ1052,Karachi,Punjab,33.22255,71.4511,2024-02-22,16:00,222.35,398.0,90.51,53.24,3.87,79.99,11.8,60,32.9,W,29.1,206,Hazardous
AQ1053,Lahore,Islamabad Capital,28.01398,72.70959,2024-02-23,14:00,288.75,99.35,12.43,51.4,14.78,37.44,24.4,78,11.2,N,35.5,203,Unhealthy
AQ1054,Peshawar,Sindh,32.60878,74.00307,2024-02-24,14:30,131.13,69.59,135.44,10.59,9.68,177.73,23.5,93,7.5,SE,12.3,399,Good
AQ1055,Karachi,Sindh,28.77706,69.96171,2024-02-25,17:30,116.55,246.09,149.71,46.87,7.57,166.65,25.9,44,17.9,W,5.3,207,Hazardous
AQ1056,Quetta,Islamabad Capital,36.2784,69.08268,2024-02-26,22:00,293.55,344.16,107.76,23.41,11.74,21.5,25.3,36,35.9,N,10.6,422,Hazardous
AQ1057,Islamabad,Sindh,28.46376,66.92088,2024-02-27,02:30,233.69,266.32,38.57,24.99,9.08,114.59,18.7,38,31.4,E,31.8,389,Unhealthy
AQ1058,Quetta,Islamabad Capital,31.83924,69.03152,2024-02-28,23:00,235.36,152.08,85.39,9.39,10.68,66.12,32.8,65,38.7,E,23.4,365,Moderate
AQ1059,Quetta,Sindh,33.75189,66.61636,2024-02-29,06:30,183.98,391.25,20.86,51.6,9.3,46.58,13.5,54,21.6,SW,43.3,71,Hazardous
AQ1060,Quetta,Sindh,35.7833,73.22538,2024-03-01,01:00,157.03,398.11,48.32,47.54,2.76,69.19,39.1,93,20.4,NE,14.2,435,Good
AQ1061,Quetta,Sindh,29.69307,73.26306,2024-03-02,11:30,169.67,312.85,109.0,19.18,8.2,165.02,12.8,42,0.5,E,18.3,408,Moderate
AQ1062,Islamabad,Islamabad Capital,28.68631,69.75514,2024-03-03,09:00,199.1,324.92,48.66,22.52,4.32,20.99,21.6,63,7.2,NW,26.4,311,Moderate
AQ1063,Lahore,Sindh,29.59037,68.33677,2024-03-04,18:30,119.28,309.12,26.34,62.29,8.6,133.16,13.4,28,19.9,NW,23.0,338,Moderate
AQ1064,Lahore,Balochistan,28.20805,67.06218,2024-03-05,16:30,236.87,117.91,6.08,63.85,1.97,183.54,29.7,51,30.1,SE,27.4,146,Hazardous
AQ1065,Karachi,Balochistan,32.50102,73.66113,2024-03-06,04:00,273.67,77.1,88.01,40.46,3.56,95.13,24.1,78,32.9,W,15.6,203,Good
AQ1066,Karachi,Balochistan,36.12532,73.89746,2024-03-07,14:30,175.67,230.65,145.46,13.62,12.15,181.29,20.0,61,11.3,SW,8.3,456,Unhealthy
AQ1067,Peshawar,Balochistan,25.63892,68.39661,2024-03-08,15:30,120.63,382.58,75.2,6.34,6.14,182.29,24.0,81,28.5,W,40.2,488,Very Unhealthy
AQ1068,Quetta,Balochistan,31.29199,71.59584,2024-03-09,06:00,211.72,353.75,35.83,23.17,10.14,125.82,21.8,38,33.1,E,2.0,348,Very Unhealthy
AQ1069,Quetta,Punjab,35.66943,68.32788,2024-03-10,08:30,62.83,60.61,72.18,59.03,7.52,96.61,39.2,54,15.0,SW,18.5,410,Moderate
AQ1070,Islamabad,Sindh,25.30149,68.02614,2024-03-11,21:30,290.89,41.66,92.3,48.86,5.18,150.16,10.0,95,27.8,W,4.4,132,Very Unhealthy
AQ1071,Quetta,KPK,30.42025,66.19087,2024-03-12,10:30,200.82,352.03,121.2,58.01,7.48,184.08,36.7,27,17.5,NW,36.8,281,Very Unhealthy
AQ1072,Islamabad,Punjab,35.24798,71.19443,2024-03-13,01:30,29.59,252.95,70.64,38.8,12.22,139.21,31.2,62,39.4,N,18.3,413,Hazardous
AQ1073,Peshawar,Islamabad Capital,35.70588,67.34947,2024-03-14,11:00,163.63,135.64,30.08,60.87,4.3,49.83,18.9,64,0.3,S,1.5,77,Unhealthy
AQ1074,Karachi,Punjab,30.68658,66.11134,2024-03-15,03:00,227.6,233.47,32.26,39.5,6.38,165.81,41.8,25,16.6,SE,3.8,96,Very Unhealthy
AQ1075,Karachi,KPK,24.32437,66.94366,2024-03-16,21:30,90.58,104.23,135.46,8.55,3.12,190.79,12.1,32,10.5,NW,9.9,162,Unhealthy
AQ1076,Peshawar,Punjab,25.37331,68.82392,2024-03-17,05:00,24.79,379.84,39.26,8.23,5.33,87.95,17.4,30,34.0,NE,39.3,330,Very Unhealthy
AQ1077,Peshawar,Sindh,31.62732,72.02247,2024-03-18,19:00,151.86,334.34,110.56,66.86,13.29,142.54,20.0,89,11.5,S,40.0,436,Moderate
AQ1078,Quetta,Balochistan,25.61016,67.82361,2024-03-19,20:30,251.75,385.65,44.0,51.11,11.81,108.45,30.9,88,21.8,W,49.8,195,Moderate
AQ1079,Karachi,Sindh,25.94243,73.98832,2024-03-20,20:00,82.94,91.08,109.48,23.77,5.67,31.28,42.9,26,29.6,NE,12.0,115,Unhealthy
AQ1080,Lahore,Punjab,34.03752,68.5964,2024-03-21,16:30,217.93,340.59,16.36,61.06,2.07,76.47,28.7,74,19.9,SE,3.0,160,Unhealthy
AQ1081,Peshawar,KPK,33.759,68.98104,2024-03-22,02:00,128.26,232.91,35.07,12.59,6.36,41.13,39.3,74,16.4,S,14.2,254,Unhealthy
AQ1082,Karachi,Islamabad Capital,34.95605,67.96179,2024-03-23,20:30,27.29,143.5,64.26,52.33,11.6,137.98,41.2,38,1.7,S,8.9,69,Unhealthy
AQ1083,Karachi,Sindh,25.37456,68.28425,2024-03-24,12:00,98.15,202.27,79.72,79.18,0.75,120.6,23.7,25,0.9,W,35.5,411,Good
AQ1084,Islamabad,KPK,26.57588,66.66722,2024-03-25,13:30,101.03,378.87,56.18,13.7,11.21,16.37,23.9,28,38.3,NE,48.5,201,Moderate
AQ1085,Karachi,Islamabad Capital,34.8285,68.65294,2024-03-26,06:30,272.35,282.75,88.16,13.07,10.23,21.71,15.0,39,25.7,SW,13.7,35,Very Unhealthy
AQ1086,Peshawar,Balochistan,33.37414,73.73656,2024-03-27,13:00,294.71,156.77,52.18,38.49,1.06,59.55,29.1,44,33.0,NW,16.4,304,Good
AQ1087,Quetta,Sindh,34.47743,72.19582,2024-03-28,07:30,70.83,399.96,103.37,52.13,9.57,151.52,9.8,69,19.2,NW,17.6,217,Unhealthy
AQ1088,Karachi,Sindh,36.86669,73.87741,2024-03-29,13:00,134.85,151.38,79.13,4.07,4.55,34.1,30.4,91,10.5,NE,42.8,477,Very Unhealthy
AQ1089,Lahore,Balochistan,35.23761,66.94373,2024-03-30,00:30,293.24,329.21,107.24,40.97,2.74,48.91,40.7,69,11.8,S,28.9,469,Moderate
AQ1090,Peshawar,Balochistan,30.76602,70.10055,2024-03-31,09:00,128.11,318.06,67.49,8.49,5.83,182.45,35.4,57,1.7,NE,48.7,308,Unhealthy
AQ1091,Quetta,Punjab,28.03999,68.06329,2024-04-01,11:00,111.26,294.71,132.09,20.82,3.16,113.77,31.0,85,31.6,SE,31.4,196,Hazardous
AQ1092,Quetta,Islamabad Capital,31.4058,72.49094,2024-04-02,20:00,41.87,274.39,60.41,57.57,12.39,127.96,38.5,76,23.3,NW,35.3,385,Unhealthy
AQ1093,Peshawar,KPK,32.30163,74.73214,2024-04-03,06:30,228.45,61.29,49.68,59.63,11.16,96.6,34.2,41,19.2,NE,4.5,480,Very Unhealthy
AQ1094,Quetta,Balochistan,28.35906,73.33824,2024-04-04,23:00,139.63,398.08,85.78,58.92,14.71,66.96,26.2,75,34.1,N,47.6,335,Moderate
AQ1095,Lahore,Punjab,34.02218,66.3175,2024-04-05,12:30,195.21,81.2,78.83,7.08,8.06,57.33,25.8,55,17.8,W,31.4,326,Unhealthy
AQ1096,Karachi,Islamabad Capital,25.2058,68.84994,2024-04-06,03:30,157.86,246.53,80.12,63.37,1.43,121.95,9.3,70,37.9,NW,26.0,191,Moderate
AQ1097,Peshawar,Islamabad Capital,34.13211,66.25722,2024-04-07,13:00,60.62,114.68,120.44,35.71,5.58,99.49,22.4,87,0.5,W,19.4,276,Good
AQ1098,Karachi,Sindh,24.41598,66.3615,2024-04-08,23:00,61.15,84.14,90.35,39.07,12.6,86.58,25.9,20,39.4,N,3.9,290,Hazardous
AQ1099,Karachi,Punjab,30.47356,66.71564,2024-04-09,19:30,282.53,232.6,133.36,34.74,6.01,141.93,23.8,67,32.6,SE,6.7,429,Good
AQ1100,Quetta,Punjab,35.19867,68.48694,2024-04-10,13:30,267.96,337.81,94.77,68.85,6.89,86.79,36.0,52,14.2,SE,0.6,85,Hazardous
AQ1101,Peshawar,Sindh,25.12444,68.73782,2024-04-11,01:30,187.08,163.24,8.15,55.04,6.24,16.98,11.4,43,23.8,S,49.9,370,Good
AQ1102,Karachi,KPK,30.73061,69.60408,2024-04-12,18:30,10.36,49.32,131.21,41.0,3.61,169.54,36.8,68,34.6,E,39.3,431,Moderate
AQ1103,Islamabad,Balochistan,26.07209,69.64438,2024-04-13,05:00,135.66,257.03,126.77,67.07,1.19,70.5,34.7,88,19.3,NW,39.9,21,Moderate
AQ1104,Lahore,Sindh,35.6326,72.94268,2024-04-14,21:30,163.82,311.24,12.08,64.82,2.79,189.82,41.0,77,2.0,S,36.5,133,Good
AQ1105,Quetta,Balochistan,34.82049,67.27263,2024-04-15,11:30,140.34,132.51,23.17,2.39,5.52,177.12,19.9,67,36.1,N,24.2,375,Very Unhealthy
AQ1106,Peshawar,Punjab,36.14092,67.41967,2024-04-16,13:30,278.38,282.42,85.67,39.35,3.76,54.44,12.1,76,20.7,NE,4.4,160,Good
AQ1107,Peshawar,Sindh,35.37477,71.6393,2024-04-17,20:00,21.85,48.8,11.21,5.3,8.63,193.44,35.3,83,21.8,N,3.6,294,Unhealthy
AQ1108,Quetta,KPK,33.57519,71.14568,2024-04-18,08:30,199.93,157.34,64.62,25.96,9.25,172.18,28.5,72,0.5,W,45.8,42,Very Unhealthy
AQ1109,Karachi,Balochistan,26.40356,67.38604,2024-04-19,10:00,101.01,200.17,146.43,64.7,8.59,197.15,33.5,79,4.0,NE,0.0,408,Moderate
AQ1110,Quetta,Balochistan,27.93253,73.67038,2024-04-20,12:30,172.25,317.15,30.05,75.64,1.37,138.81,44.9,62,31.1,S,35.0,401,Good
AQ1111,Peshawar,Balochistan,30.45912,68.96153,2024-04-21,01:00,200.22,148.49,34.88,20.88,10.04,186.84,12.8,60,17.4,NE,31.4,40,Very Unhealthy
AQ1112,Islamabad,Punjab,31.65566,69.30271,2024-04-22,06:00,137.84,192.41,103.07,3.67,5.83,141.12,21.4,45,39.9,W,25.1,383,Unhealthy
AQ1113,Karachi,Balochistan,34.16838,69.78414,2024-04-23,18:30,53.03,258.77,11.38,33.38,13.18,172.47,12.7,78,27.8,N,48.7,373,Hazardous
AQ1114,Quetta,Islamabad Capital,26.95048,68.90432,2024-04-24,13:30,160.52,257.15,124.0,28.14,7.93,125.98,39.4,68,38.0,SE,9.9,290,Moderate
AQ1115,Peshawar,Balochistan,25.66761,71.0171,2024-04-25,06:30,280.56,216.75,33.86,54.8,1.36,186.54,5.7,83,11.2,S,39.3,279,Very Unhealthy
AQ1116,Peshawar,Punjab,30.27393,69.49783,2024-04-26,00:00,165.41,144.82,82.08,40.61,0.24,108.44,10.4,24,7.0,E,33.7,182,Very Unhealthy
AQ1117,Peshawar,Sindh,26.05194,68.33491,2024-04-27,13:30,45.65,274.57,41.07,33.11,10.57,149.95,14.9,63,15.1,SE,48.7,251,Very Unhealthy
AQ1118,Islamabad,Balochistan,33.01858,74.14027,2024-04-28,17:30,249.01,338.12,100.54,19.91,6.07,184.22,35.9,37,10.6,SW,46.7,359,Good
AQ1119,Karachi,Balochistan,31.4832,68.77516,2024-04-29,05:00,74.31,78.45,90.15,66.62,4.39,90.25,30.1,76,24.5,E,6.4,39,Moderate
AQ1120,Quetta,Sindh,33.6344,72.2864,2024-04-30,21:00,117.36,149.38,142.23,21.37,6.76,15.02,20.5,59,29.8,N,15.4,86,Moderate
AQ1121,Karachi,Islamabad Capital,24.82468,69.12504,2024-05-01,19:30,134.34,274.12,69.61,6.27,1.18,31.48,11.3,65,16.1,S,42.5,224,Good
AQ1122,Peshawar,Punjab,36.54107,69.91698,2024-05-02,01:30,108.51,307.19,131.86,46.04,5.94,194.66,17.9,77,3.6,SE,11.4,284,Good
AQ1123,Islamabad,Sindh,24.00007,68.12349,2024-05-03,16:30,127.29,316.95,88.49,26.75,4.79,175.91,34.7,43,1.1,SE,18.9,137,Good
AQ1124,Islamabad,Punjab,28.23075,72.77097,2024-05-04,00:00,240.69,268.24,137.6,57.57,12.02,101.85,20.3,47,8.7,S,31.3,334,Unhealthy
AQ1125,Peshawar,Sindh,32.83525,72.63483,2024-05-05,04:30,74.77,201.74,47.31,8.31,2.71,192.57,23.5,65,29.3,NE,28.1,137,Very Unhealthy
AQ1126,Karachi,KPK,24.58685,66.20016,2024-05-06,08:00,146.42,265.4,84.72,77.37,11.37,45.27,29.3,87,8.9,SE,32.0,473,Unhealthy
AQ1127,Karachi,Islamabad Capital,25.08354,66.54175,2024-05-07,03:00,15.8,71.32,61.55,16.57,7.56,31.08,41.5,91,36.4,NW,35.7,487,Moderate
AQ1128,Islamabad,KPK,24.99686,74.30139,2024-05-08,19:00,157.22,98.95,14.56,29.85,1.32,124.27,15.0,73,26.1,N,36.4,63,Good
AQ1129,Lahore,Sindh,31.55963,73.99944,2024-05-09,06:00,42.39,372.46,88.27,39.51,14.55,82.6,22.9,52,34.5,NE,36.9,116,Very Unhealthy
AQ1130,Islamabad,Sindh,35.64703,70.55478,2024-05-10,10:30,91.85,370.42,120.16,71.43,11.04,74.56,17.4,86,15.4,N,49.6,412,Hazardous
AQ1131,Islamabad,Punjab,31.22068,70.44022,2024-05-11,00:00,104.21,295.08,85.65,58.36,3.98,149.49,23.6,54,39.3,W,17.8,97,Very Unhealthy
AQ1132,Quetta,Sindh,31.84643,73.31182,2024-05-12,13:30,33.88,144.28,45.5,13.3,8.77,38.5,32.9,58,27.2,N,2.2,145,Hazardous
AQ1133,Islamabad,Punjab,28.49802,67.24605,2024-05-13,16:00,114.56,266.56,43.26,36.21,13.51,157.91,24.3,66,14.3,NE,17.4,385,Very Unhealthy
AQ1134,Lahore,Punjab,24.24364,71.88329,2024-05-14,06:00,154.44,281.36,39.49,44.35,13.97,78.3,38.4,90,8.5,S,45.6,408,Good
AQ1135,Islamabad,Sindh,24.28099,70.28385,2024-05-15,00:00,135.02,215.74,147.05,56.77,10.99,197.48,27.1,24,34.7,SW,4.2,84,Hazardous
AQ1136,Karachi,Punjab,35.54803,72.68998,2024-05-16,18:30,91.32,304.44,62.89,46.6,10.94,163.66,20.4,56,12.7,N,32.3,50,Hazardous
AQ1137,Quetta,Islamabad Capital,25.33344,66.27093,2024-05-17,12:00,95.51,31.28,50.95,37.67,4.23,132.78,36.3,20,1.8,SE,21.2,94,Moderate
AQ1138,Quetta,KPK,36.99726,71.33453,2024-05-18,20:30,193.74,117.36,65.68,61.71,14.85,53.59,22.3,75,11.1,SW,46.1,277,Very Unhealthy
AQ1139,Islamabad,Sindh,26.13749,71.01055,2024-05-19,10:00,218.33,321.89,21.79,31.49,3.73,191.72,25.6,26,7.2,S,46.4,8,Unhealthy
AQ1140,Quetta,Punjab,32.77025,73.56763,2024-05-20,16:00,177.19,376.71,33.42,79.0,1.43,16.25,44.8,83,12.8,W,39.3,346,Unhealthy
AQ1141,Quetta,Punjab,36.33642,72.09153,2024-05-21,18:00,293.09,352.91,78.79,75.93,14.66,52.44,36.5,27,24.5,E,4.9,88,Moderate
AQ1142,Islamabad,Punjab,28.70976,73.92144,2024-05-22,16:30,284.01,292.27,120.83,57.18,2.38,16.99,39.2,83,20.0,SW,1.2,88,Moderate
AQ1143,Lahore,Punjab,33.54763,73.98546,2024-05-23,01:00,38.56,82.89,132.08,70.84,7.87,193.64,28.7,76,28.4,E,6.8,218,Moderate
AQ1144,Islamabad,Islamabad Capital,28.56114,69.67348,2024-05-24,14:30,85.8,160.11,130.57,32.67,7.08,175.58,18.9,47,13.4,NE,16.1,329,Good
AQ1145,Karachi,Sindh,27.96423,67.23691,2024-05-25,01:00,261.83,39.08,141.99,47.35,12.74,190.9,44.7,45,4.8,N,12.1,349,Good
AQ1146,Peshawar,Sindh,26.62345,71.67255,2024-05-26,08:30,18.6,263.15,23.24,23.27,6.01,145.86,14.8,53,6.4,W,18.5,378,Good
AQ1147,Lahore,Islamabad Capital,34.67215,73.86371,2024-05-27,11:00,181.74,190.95,10.94,71.08,7.58,15.21,39.9,41,31.9,W,7.2,387,Good
AQ1148,Islamabad,Islamabad Capital,27.34603,66.67458,2024-05-28,03:30,286.8,237.74,20.33,38.74,0.75,186.99,41.5,39,3.9,S,37.6,404,Moderate
AQ1149,Lahore,Islamabad Capital,27.68106,71.02131,2024-05-29,04:00,206.83,392.15,92.11,43.82,3.2,89.98,37.7,33,31.9,NW,42.3,379,Moderate
AQ1150,Peshawar,Sindh,36.98661,67.035,2024-05-30,00:30,36.66,172.86,85.64,69.44,12.51,79.96,9.6,42,8.5,SE,24.4,285,Good
AQ1151,Quetta,Balochistan,28.25504,66.24296,2024-05-31,00:30,226.87,136.55,102.33,64.19,7.23,63.99,39.2,86,27.1,NE,47.8,160,Good
AQ1152,Quetta,KPK,29.49607,72.11672,2024-06-01,13:00,119.18,77.23,58.81,27.1,3.54,64.49,31.6,38,24.9,W,6.0,42,Hazardous
AQ1153,Peshawar,Islamabad Capital,36.87072,72.13665,2024-06-02,23:30,277.24,74.57,61.78,8.82,5.6,162.12,32.2,97,3.9,N,5.3,473,Very Unhealthy
AQ1154,Quetta,Islamabad Capital,28.8009,71.40592,2024-06-03,19:00,93.03,217.06,84.11,14.64,4.35,58.71,36.5,58,26.6,W,10.0,245,Hazardous
AQ1155,Lahore,Sindh,28.75998,73.73301,2024-06-04,17:30,147.24,304.71,16.46,28.45,8.39,52.21,24.6,56,17.9,E,49.1,257,Very Unhealthy
AQ1156,Quetta,Sindh,34.76029,66.72789,2024-06-05,02:00,226.52,234.5,120.98,25.81,0.87,142.62,15.7,20,28.3,NE,20.8,342,Good
AQ1157,Peshawar,KPK,28.05509,66.94734,2024-06-06,00:00,84.69,351.85,138.81,4.99,3.45,64.62,28.0,38,33.4,S,46.2,158,Good
AQ1158,Peshawar,Punjab,27.03922,73.78082,2024-06-07,10:30,62.72,140.03,61.17,35.7,5.39,12.49,9.3,34,1.6,SE,10.1,131,Good
AQ1159,Peshawar,Sindh,29.50173,70.52949,2024-06-08,04:30,10.79,246.12,112.24,10.26,13.93,187.04,32.0,20,25.9,N,42.3,46,Hazardous
AQ1160,Karachi,KPK,33.10833,68.45748,2024-06-09,22:00,151.51,271.27,84.58,19.23,9.39,69.58,24.3,50,4.2,E,15.5,339,Moderate
AQ1161,Lahore,Sindh,24.56216,72.64341,2024-06-10,11:30,279.3,126.66,39.22,63.42,7.61,155.23,25.1,71,15.2,W,36.7,88,Very Unhealthy
AQ1162,Peshawar,Sindh,28.86091,74.04963,2024-06-11,07:00,91.63,170.6,14.83,40.6,2.94,99.11,12.4,62,0.5,NE,48.7,44,Hazardous
AQ1163,Lahore,Sindh,28.50118,72.20643,2024-06-12,16:00,22.58,244.56,40.66,31.09,8.41,35.48,6.7,65,13.1,NE,46.7,320,Good
AQ1164,Karachi,Balochistan,27.18264,73.12739,2024-06-13,11:00,189.93,27.95,92.71,16.46,13.94,135.77,29.5,69,6.8,N,41.6,193,Moderate
AQ1165,Lahore,Balochistan,32.50574,68.54248,2024-06-14,06:30,26.29,356.91,10.83,69.57,8.54,54.0,31.4,39,22.3,S,2.5,5,Hazardous
AQ1166,Islamabad,Islamabad Capital,27.76987,68.59898,2024-06-15,08:30,157.0,62.2,126.25,72.49,2.56,64.7,24.9,81,20.5,E,30.4,262,Very Unhealthy
AQ1167,Karachi,Balochistan,31.88751,73.77711,2024-06-16,12:00,120.64,38.07,145.69,42.46,14.96,16.16,35.6,62,31.7,NW,41.8,434,Good
AQ1168,Karachi,KPK,30.55638,71.53377,2024-06-17,10:30,147.87,101.71,17.11,73.86,7.53,13.12,27.5,24,25.6,S,20.0,195,Very Unhealthy
AQ1169,Quetta,Sindh,26.82347,68.10746,2024-06-18,21:30,57.17,210.88,40.77,38.25,4.86,107.59,38.9,98,28.6,SE,36.6,17,Good
AQ1170,Peshawar,Balochistan,27.46536,70.71746,2024-06-19,21:30,36.16,144.91,102.97,10.36,7.6,20.98,16.5,85,3.7,SE,6.9,374,Good
AQ1171,Karachi,Sindh,26.2178,72.17274,2024-06-20,18:00,227.21,187.26,121.88,3.33,4.03,49.79,14.7,31,1.1,N,8.8,296,Unhealthy
AQ1172,Lahore,Punjab,24.73618,67.96694,2024-06-21,03:00,81.24,52.02,55.17,12.01,0.55,185.52,15.4,76,38.8,N,32.2,106,Very Unhealthy
AQ1173,Islamabad,Islamabad Capital,32.04945,71.89416,2024-06-22,12:30,242.12,108.58,79.71,50.57,13.35,25.74,6.2,79,17.1,E,21.9,68,Moderate
AQ1174,Lahore,Balochistan,32.74625,66.3793,2024-06-23,11:30,229.95,57.11,134.31,27.03,6.49,65.25,41.0,74,15.8,NE,10.9,24,Good
AQ1175,Lahore,Sindh,26.158,68.73322,2024-06-24,06:00,67.53,107.29,60.74,52.57,11.32,148.04,45.0,90,1.4,SW,14.1,55,Moderate
AQ1176,Islamabad,Punjab,32.0001,72.06575,2024-06-25,20:00,273.4,287.26,16.82,41.62,14.57,178.02,37.7,85,4.8,NE,30.9,0,Hazardous
AQ1177,Quetta,Islamabad Capital,36.7671,67.34414,2024-06-26,02:30,56.77,238.61,149.26,27.97,9.53,18.78,21.5,91,37.6,E,36.3,481,Good
AQ1178,Peshawar,Islamabad Capital,24.96723,67.99979,2024-06-27,10:00,241.17,146.91,31.14,19.06,10.41,45.23,19.2,92,27.8,S,10.4,182,Good
AQ1179,Karachi,Punjab,30.37482,73.91184,2024-06-28,03:00,131.95,119.27,12.07,8.32,14.15,83.7,36.0,46,16.4,SE,47.8,386,Good
AQ1180,Peshawar,Balochistan,33.5295,72.06889,2024-06-29,08:30,63.07,399.06,64.54,63.03,7.8,78.59,25.4,47,36.2,E,0.4,53,Moderate
AQ1181,Quetta,Balochistan,24.59812,70.49027,2024-06-30,07:00,282.05,311.79,22.61,65.88,4.87,64.82,42.6,56,23.6,NW,35.0,80,Unhealthy
AQ1182,Islamabad,Sindh,34.11756,67.89804,2024-07-01,03:30,289.34,332.38,146.92,44.23,13.83,56.04,16.2,98,29.9,SW,14.6,159,Very Unhealthy
AQ1183,Peshawar,KPK,36.73365,69.07269,2024-07-02,07:30,158.3,30.02,60.22,14.25,1.13,61.05,18.0,38,17.3,NE,23.9,471,Good
AQ1184,Lahore,Sindh,25.15034,71.16897,2024-07-03,01:00,146.06,42.64,124.74,22.56,3.3,35.35,45.0,70,17.3,SW,28.5,385,Very Unhealthy
AQ1185,Karachi,Sindh,34.68899,67.39781,2024-07-04,22:00,271.24,290.79,30.61,76.5,5.18,41.03,44.1,32,2.7,S,28.1,448,Very Unhealthy
AQ1186,Karachi,Sindh,28.92156,70.3357,2024-07-05,04:00,182.88,92.9,25.13,19.62,11.75,125.29,40.4,64,29.4,W,38.8,225,Very Unhealthy
AQ1187,Quetta,Punjab,25.87351,69.68077,2024-07-06,23:00,87.15,181.75,99.15,6.43,13.57,65.52,21.2,25,4.0,S,41.2,263,Moderate
AQ1188,Quetta,Islamabad Capital,30.41151,70.29019,2024-07-07,12:30,133.31,89.98,136.85,44.9,6.83,85.94,38.5,20,30.6,SE,3.7,108,Very Unhealthy
AQ1189,Islamabad,Islamabad Capital,24.92974,66.95005,2024-07-08,12:30,252.44,87.29,21.61,22.43,4.36,88.27,16.3,44,7.6,SW,35.2,441,Hazardous
AQ1190,Quetta,KPK,30.78732,66.95847,2024-07-09,14:30,259.27,61.45,90.44,76.68,5.36,30.85,15.2,45,9.9,NE,20.0,493,Moderate
AQ1191,Peshawar,Balochistan,24.25164,74.677,2024-07-10,13:00,282.38,245.82,17.32,46.83,9.88,165.7,26.9,32,36.7,N,40.9,308,Moderate
AQ1192,Karachi,Sindh,33.47195,74.81431,2024-07-11,07:30,93.6,300.93,122.76,77.33,2.45,191.71,39.4,38,18.9,S,30.4,43,Hazardous
AQ1193,Islamabad,Punjab,30.34361,69.83548,2024-07-12,23:30,207.19,41.6,136.85,63.27,8.26,60.07,8.9,29,5.0,SE,0.5,200,Unhealthy
AQ1194,Quetta,Punjab,29.96622,73.10096,2024-07-13,01:30,29.83,124.71,96.18,58.4,8.87,65.94,27.6,64,36.2,SW,33.3,283,Unhealthy
AQ1195,Lahore,Sindh,26.55049,71.90212,2024-07-14,09:00,220.51,270.18,104.81,66.77,10.65,141.7,29.4,90,18.1,SW,46.3,146,Good
AQ1196,Karachi,Punjab,28.69642,67.05225,2024-07-15,16:30,173.33,169.08,13.04,49.18,9.1,25.31,28.2,34,5.2,S,4.2,439,Unhealthy
AQ1197,Islamabad,Punjab,26.3643,68.67011,2024-07-16,02:30,82.43,287.77,15.58,2.87,1.54,182.39,13.7,50,15.6,SW,24.7,403,Good
AQ1198,Karachi,Sindh,33.56007,68.82286,2024-07-17,22:00,199.84,308.51,31.05,32.61,10.36,32.91,7.6,27,23.6,N,31.3,198,Very Unhealthy
AQ1199,Peshawar,KPK,26.58733,71.36197,2024-07-18,07:00,49.2,32.27,44.71,19.08,0.42,149.09,40.8,49,14.5,NE,9.8,233,Good
AQ1200,Quetta,Punjab,32.01779,71.21979,2024-07-19,04:30,106.8,164.73,115.18,35.88,5.92,65.39,28.0,20,37.0,W,32.5,183,Unhealthy
AQ1201,Quetta,Islamabad Capital,27.6349,74.31158,2024-07-20,20:30,126.26,297.07,68.14,38.7,6.31,71.42,35.7,35,10.8,W,2.5,34,Good
AQ1202,Quetta,Islamabad Capital,32.54077,73.11033,2024-07-21,17:30,235.37,163.8,16.35,11.97,1.84,36.76,19.6,30,7.0,SE,45.3,402,Moderate
AQ1203,Lahore,Islamabad Capital,31.02591,73.71163,2024-07-22,22:30,99.55,22.22,128.63,3.83,0.25,132.8,6.7,46,8.8,E,38.1,208,Unhealthy
AQ1204,Peshawar,Sindh,29.5047,74.02106,2024-07-23,19:30,24.22,147.8,149.1,12.78,1.16,161.05,15.4,59,3.3,W,47.1,359,Good
AQ1205,Lahore,Islamabad Capital,32.74901,73.21149,2024-07-24,02:30,62.41,351.61,70.98,68.88,6.75,190.55,7.9,63,18.1,W,20.9,62,Unhealthy
AQ1206,Peshawar,Balochistan,29.40439,68.99593,2024-07-25,21:30,186.35,381.74,79.21,60.96,3.68,72.99,8.1,89,35.1,S,1.7,81,Hazardous
AQ1207,Peshawar,Punjab,34.67782,67.93512,2024-07-26,19:30,14.42,233.0,16.38,64.31,1.13,128.02,13.6,76,12.2,E,17.1,262,Unhealthy
AQ1208,Peshawar,KPK,33.48478,71.14591,2024-07-27,02:30,239.75,136.42,60.54,23.55,3.92,88.85,30.3,67,10.3,W,25.8,254,Hazardous
AQ1209,Quetta,Islamabad Capital,31.02831,72.20611,2024-07-28,07:00,271.32,197.1,58.91,20.42,7.98,115.99,37.7,59,33.5,S,46.8,410,Good
AQ1210,Quetta,Sindh,35.40179,69.47911,2024-07-29,14:00,153.67,109.76,145.04,4.92,11.16,40.96,37.9,58,12.2,E,44.2,38,Hazardous
AQ1211,Quetta,KPK,34.7752,73.63505,2024-07-30,12:00,215.21,83.89,100.76,38.84,6.24,120.53,42.5,22,19.1,S,29.7,285,Unhealthy
AQ1212,Lahore,Sindh,30.91391,74.6451,2024-07-31,09:00,144.18,207.54,118.42,31.83,9.24,171.33,31.3,74,1.2,SW,36.5,22,Moderate
AQ1213,Islamabad,KPK,24.88982,71.12456,2024-08-01,06:30,99.54,299.94,23.61,67.2,8.99,174.09,5.8,20,11.5,N,47.7,83,Hazardous
AQ1214,Peshawar,KPK,31.35795,70.10933,2024-08-02,01:00,57.81,104.54,65.45,55.19,13.46,101.84,20.1,42,5.2,NE,42.5,406,Unhealthy
AQ1215,Lahore,Punjab,28.61834,73.58598,2024-08-03,20:30,160.27,365.62,32.78,13.25,2.77,54.79,9.5,86,4.2,NE,32.9,473,Moderate
AQ1216,Quetta,KPK,31.02147,66.21843,2024-08-04,22:30,279.67,83.93,129.73,79.0,7.2,168.97,36.1,81,17.3,NE,27.0,495,Very Unhealthy
AQ1217,Quetta,Balochistan,32.4127,67.16111,2024-08-05,06:30,268.09,232.2,27.09,62.11,9.51,199.89,9.8,53,11.1,W,23.8,302,Hazardous
AQ1218,Islamabad,Balochistan,32.3829,73.61092,2024-08-06,19:00,276.69,315.03,68.64,58.18,7.84,81.66,9.2,36,6.7,NE,37.8,205,Hazardous
AQ1219,Quetta,Balochistan,32.75581,72.58826,2024-08-07,19:00,290.26,101.09,12.78,18.9,6.81,185.63,6.1,67,20.5,NE,40.4,431,Good
AQ1220,Peshawar,Sindh,32.83049,69.74523,2024-08-08,10:00,57.95,132.65,96.97,72.6,14.6,196.86,43.2,72,31.4,SW,10.9,94,Very Unhealthy
AQ1221,Karachi,Punjab,25.42066,73.99967,2024-08-09,05:00,52.49,39.56,74.88,38.97,14.14,85.17,36.4,80,29.4,E,23.7,474,Good
AQ1222,Quetta,Sindh,26.49226,69.16312,2024-08-10,04:30,134.05,378.7,77.21,25.22,9.21,146.09,18.3,30,10.0,SE,38.6,62,Good
AQ1223,Islamabad,Islamabad Capital,32.19703,71.70461,2024-08-11,07:00,209.9,205.05,19.73,53.08,6.65,120.41,20.1,34,10.5,E,33.8,375,Unhealthy
AQ1224,Karachi,Balochistan,29.30624,71.70901,2024-08-12,14:30,137.51,44.44,79.53,18.52,11.36,147.22,7.4,30,29.3,NW,29.6,136,Good
AQ1225,Peshawar,Punjab,33.91707,67.65899,2024-08-13,21:30,268.78,335.45,86.75,72.79,7.74,39.29,11.3,26,22.3,E,16.2,150,Hazardous
AQ1226,Peshawar,Balochistan,25.62382,68.56367,2024-08-14,08:00,218.04,236.35,144.61,68.64,14.93,79.68,17.5,66,29.7,W,30.5,116,Good
AQ1227,Peshawar,Punjab,26.4898,74.24406,2024-08-15,14:00,193.85,41.01,9.82,38.26,10.32,21.93,20.5,27,0.1,SE,30.6,190,Moderate
AQ1228,Islamabad,Sindh,31.26004,67.65073,2024-08-16,08:00,30.6,191.34,138.79,16.87,1.12,126.51,29.8,24,3.5,NW,21.6,201,Hazardous
AQ1229,Karachi,Sindh,30.50972,67.56217,2024-08-17,16:00,60.85,185.07,74.54,40.73,6.09,186.07,19.0,85,32.1,NW,48.0,430,Unhealthy
AQ1230,Peshawar,Balochistan,27.46316,70.31654,2024-08-18,18:30,134.16,75.51,35.47,13.63,10.98,116.45,43.2,82,34.0,NE,32.7,249,Good
AQ1231,Quetta,KPK,29.30846,66.82978,2024-08-19,10:00,293.15,179.74,101.5,23.05,12.65,23.36,18.7,40,13.7,W,42.5,86,Moderate
AQ1232,Karachi,Punjab,24.45476,74.05164,2024-08-20,23:00,106.98,127.47,79.97,39.65,12.22,186.77,42.7,90,38.3,SE,6.4,73,Moderate
AQ1233,Peshawar,Islamabad Capital,24.4815,66.90134,2024-08-21,06:30,192.69,285.98,37.88,3.65,14.66,35.26,34.2,31,12.1,SE,37.8,321,Hazardous
AQ1234,Karachi,KPK,25.23405,71.54902,2024-08-22,04:30,296.78,22.09,95.89,61.73,7.39,177.76,41.0,30,35.6,W,30.1,36,Good
AQ1235,Quetta,Sindh,31.4983,69.05804,2024-08-23,20:30,86.57,60.42,73.62,17.36,2.19,145.7,33.1,73,16.9,SW,15.4,124,Moderate
AQ1236,Lahore,Punjab,35.22831,73.23846,2024-08-24,11:00,58.33,369.09,104.91,69.6,9.82,130.91,27.7,29,22.5,W,6.8,487,Good
AQ1237,Peshawar,KPK,27.3829,71.3083,2024-08-25,19:00,168.44,184.67,104.92,3.74,1.15,121.5,25.4,35,25.7,W,19.0,485,Hazardous
AQ1238,Quetta,Islamabad Capital,24.44122,69.49476,2024-08-26,19:00,170.05,86.95,73.56,43.51,14.61,34.92,16.7,34,5.3,W,22.1,165,Very Unhealthy
AQ1239,Islamabad,KPK,33.21215,74.85486,2024-08-27,06:30,277.35,321.43,61.67,62.58,11.4,105.16,16.9,77,1.5,W,7.0,0,Moderate
AQ1240,Peshawar,Islamabad Capital,35.11958,66.59608,2024-08-28,23:00,17.66,343.61,14.17,20.56,14.73,47.37,13.9,98,17.1,SW,33.5,431,Unhealthy
AQ1241,Lahore,Sindh,25.79625,71.20008,2024-08-29,10:30,128.14,100.26,76.61,57.19,5.72,118.64,20.4,23,6.4,NW,15.4,337,Good
AQ1242,Quetta,Punjab,29.01472,74.90611,2024-08-30,20:00,100.58,291.17,40.25,58.23,0.34,95.0,10.1,41,22.0,NE,40.3,290,Hazardous
AQ1243,Quetta,Sindh,26.06358,72.21857,2024-08-31,13:30,175.61,253.75,12.72,51.75,7.87,139.14,20.5,54,18.1,E,32.4,70,Hazardous
AQ1244,Karachi,Punjab,25.38265,72.65793,2024-09-01,23:00,12.71,303.12,52.91,30.41,1.91,196.67,38.3,33,4.9,NW,15.5,107,Unhealthy
AQ1245,Peshawar,KPK,32.42619,66.28882,2024-09-02,04:00,216.21,319.4,17.68,63.24,10.23,78.59,39.8,50,26.6,S,18.0,489,Very Unhealthy
AQ1246,Lahore,Sindh,36.57797,66.19227,2024-09-03,11:00,150.65,271.16,89.06,51.02,7.51,127.18,30.7,93,0.8,SE,47.1,85,Good
AQ1247,Islamabad,Punjab,32.81615,66.32499,2024-09-04,03:00,213.2,383.36,78.03,48.05,11.33,174.24,15.3,89,5.1,S,47.4,180,Very Unhealthy
AQ1248,Karachi,Islamabad Capital,36.80259,74.92552,2024-09-05,11:30,139.86,348.41,119.9,65.89,4.44,27.66,14.6,30,28.0,SW,20.9,24,Hazardous
AQ1249,Peshawar,Punjab,29.64714,74.81568,2024-09-06,21:00,147.52,107.01,43.81,21.08,12.45,162.05,16.1,55,21.1,S,34.0,297,Moderate
AQ1250,Lahore,Sindh,35.67231,69.01058,2024-09-07,18:00,269.71,367.16,58.87,20.13,9.8,55.49,25.0,93,11.3,SE,49.0,150,Very Unhealthy
AQ1251,Karachi,Sindh,26.66609,68.61884,2024-09-08,04:00,71.16,156.65,104.9,32.14,14.82,112.65,44.1,99,7.2,N,49.7,264,Moderate
AQ1252,Lahore,KPK,25.53276,67.31363,2024-09-09,18:30,73.07,296.09,148.98,7.7,2.76,198.39,9.4,43,25.7,E,3.6,410,Unhealthy
AQ1253,Lahore,Islamabad Capital,33.13276,68.96226,2024-09-10,03:00,172.25,342.24,136.1,28.32,0.86,196.97,25.0,59,8.2,NE,27.7,202,Hazardous
AQ1254,Karachi,Punjab,28.82831,69.33135,2024-09-11,11:00,201.47,185.82,80.52,33.69,12.78,70.0,32.3,61,39.4,W,36.3,50,Moderate
AQ1255,Karachi,Sindh,28.12994,72.73455,2024-09-12,12:00,112.86,39.57,103.3,40.61,5.14,35.03,14.8,40,34.8,S,9.3,474,Good
AQ1256,Peshawar,Punjab,32.72665,73.79664,2024-09-13,22:30,160.66,380.87,82.13,21.81,6.53,188.26,43.8,70,5.3,SE,41.1,487,Hazardous
AQ1257,Karachi,Balochistan,28.33529,72.72062,2024-09-14,10:30,76.08,47.54,68.05,72.73,13.89,179.77,19.0,74,34.4,E,23.4,219,Unhealthy
AQ1258,Peshawar,Islamabad Capital,31.44326,71.81828,2024-09-15,21:00,49.41,152.28,92.33,24.24,6.67,127.05,42.3,23,13.8,NE,24.9,56,Good
AQ1259,Lahore,Islamabad Capital,27.89292,72.8931,2024-09-16,03:00,79.1,246.65,61.04,68.42,4.54,16.16,28.9,81,19.6,S,13.7,81,Hazardous
AQ1260,Karachi,Balochistan,34.18885,72.64648,2024-09-17,02:30,275.75,64.66,45.63,36.71,0.99,152.74,5.2,44,5.7,E,15.0,163,Very Unhealthy
AQ1261,Peshawar,Islamabad Capital,28.06105,70.28175,2024-09-18,17:30,242.53,338.52,107.32,58.02,6.7,40.56,17.4,89,4.7,SE,4.2,417,Hazardous
AQ1262,Peshawar,Balochistan,30.95492,69.02266,2024-09-19,22:30,50.67,97.3,131.44,10.65,9.86,189.17,5.9,33,34.6,NW,46.6,268,Good
AQ1263,Islamabad,Punjab,24.30129,68.54503,2024-09-20,10:30,23.5,394.68,46.76,44.48,4.11,92.67,20.3,60,25.2,SW,19.1,182,Moderate
AQ1264,Peshawar,Balochistan,34.2925,72.1142,2024-09-21,17:00,37.02,368.24,107.5,76.94,10.79,126.87,42.3,76,18.4,NE,8.1,429,Moderate
AQ1265,Peshawar,KPK,32.06439,74.63374,2024-09-22,23:00,95.1,249.73,67.93,53.97,7.23,63.41,36.2,57,1.4,SE,7.1,179,Hazardous
AQ1266,Islamabad,Balochistan,26.49908,71.22949,2024-09-23,16:00,245.29,270.8,48.8,65.98,12.89,100.26,29.8,81,36.9,NW,20.4,477,Hazardous
AQ1267,Quetta,Punjab,26.79985,74.21274,2024-09-24,10:00,103.2,222.77,95.06,22.36,2.51,153.38,26.5,60,15.0,SW,31.6,283,Unhealthy
AQ1268,Karachi,Islamabad Capital,27.41241,66.12806,2024-09-25,05:00,63.84,168.62,141.22,64.41,11.38,103.48,19.9,64,16.7,E,38.9,85,Very Unhealthy
AQ1269,Islamabad,KPK,31.49489,73.15024,2024-09-26,06:00,124.79,153.65,56.0,29.4,14.0,170.97,13.5,99,11.6,W,46.2,471,Unhealthy
AQ1270,Peshawar,Balochistan,31.12811,73.68242,2024-09-27,01:00,45.98,358.83,115.12,39.84,11.15,145.48,7.5,35,35.7,E,31.8,110,Unhealthy
AQ1271,Peshawar,Punjab,27.56023,71.67894,2024-09-28,06:00,146.36,239.12,50.63,16.66,6.15,24.7,12.6,38,13.8,E,21.0,157,Moderate
AQ1272,Karachi,KPK,33.02281,74.40655,2024-09-29,20:00,205.91,332.85,121.56,39.88,3.53,125.3,19.1,56,7.0,SW,21.1,44,Moderate
AQ1273,Lahore,KPK,35.55754,71.30922,2024-09-30,16:30,116.97,215.35,115.2,42.22,1.57,126.39,25.8,98,20.0,N,28.7,37,Good
AQ1274,Islamabad,KPK,24.5657,68.16483,2024-10-01,13:30,60.35,136.67,116.02,50.54,9.67,82.37,13.2,80,31.3,W,26.9,19,Unhealthy
AQ1275,Quetta,Balochistan,29.42356,67.94146,2024-10-02,19:30,141.43,54.87,149.67,69.75,2.23,71.32,44.0,45,14.9,NW,32.0,453,Good
AQ1276,Karachi,Punjab,31.71576,71.00253,2024-10-03,16:30,231.12,143.0,25.38,25.78,12.59,21.95,8.1,98,26.1,E,25.2,96,Hazardous
AQ1277,Karachi,Punjab,31.62366,74.15836,2024-10-04,15:30,32.21,354.44,61.38,78.76,14.41,94.77,8.8,83,12.2,SW,2.9,430,Good
AQ1278,Islamabad,Punjab,24.25396,66.65131,2024-10-05,11:00,30.57,290.55,96.47,68.12,2.12,73.95,32.3,32,28.8,W,25.0,357,Moderate
AQ1279,Peshawar,Sindh,26.73736,71.43951,2024-10-06,11:30,102.25,318.62,90.62,33.43,5.7,190.7,35.2,53,26.7,E,1.1,58,Unhealthy
AQ1280,Peshawar,Islamabad Capital,24.8038,72.92823,2024-10-07,00:00,130.37,313.91,118.19,19.68,14.07,138.09,43.9,42,27.2,SE,9.0,462,Moderate
AQ1281,Quetta,Punjab,31.39655,67.03862,2024-10-08,11:30,72.78,65.59,11.8,7.58,7.11,97.41,26.2,39,25.8,W,19.4,462,Hazardous
AQ1282,Islamabad,Sindh,32.39007,67.05093,2024-10-09,01:00,17.8,80.37,107.23,20.28,8.08,153.38,11.6,73,6.3,NE,27.6,223,Very Unhealthy
AQ1283,Karachi,Sindh,26.07665,69.29515,2024-10-10,08:00,73.67,140.55,111.97,70.99,11.24,157.97,42.5,92,35.5,SE,9.2,397,Unhealthy
AQ1284,Islamabad,KPK,28.32914,68.46493,2024-10-11,03:00,136.26,134.39,13.86,24.78,3.24,101.29,44.2,77,23.4,SW,13.8,297,Moderate
AQ1285,Lahore,Islamabad Capital,28.28745,67.78483,2024-10-12,04:30,33.03,45.11,83.11,12.76,14.69,24.39,41.9,78,15.3,S,18.7,188,Very Unhealthy
AQ1286,Karachi,KPK,34.65743,67.78825,2024-10-13,09:00,217.61,78.32,40.52,3.77,11.74,158.3,39.9,39,6.9,N,9.9,58,Hazardous
AQ1287,Quetta,Islamabad Capital,26.53057,67.17602,2024-10-14,11:30,170.11,345.37,121.24,25.22,2.5,27.15,8.1,58,31.3,S,49.9,7,Very Unhealthy
AQ1288,Quetta,KPK,31.12808,71.49769,2024-10-15,04:00,135.99,243.84,12.19,18.86,1.75,171.03,39.2,97,20.4,E,40.2,483,Moderate
AQ1289,Karachi,Balochistan,34.17816,72.19313,2024-10-16,07:00,160.43,150.07,26.19,9.97,14.03,73.49,43.1,51,5.9,E,40.5,312,Moderate
AQ1290,Peshawar,Islamabad Capital,34.78452,72.32643,2024-10-17,10:30,200.18,220.06,20.15,76.18,10.31,131.27,27.1,60,36.9,NE,28.4,405,Hazardous
AQ1291,Karachi,Sindh,32.66536,70.79119,2024-10-18,08:00,298.49,119.3,14.46,22.87,0.67,150.68,35.9,88,4.2,E,48.1,101,Hazardous
AQ1292,Karachi,Sindh,27.89386,74.57616,2024-10-19,09:00,234.78,241.86,92.01,2.48,2.22,16.69,31.4,87,21.0,NW,36.6,339,Very Unhealthy
AQ1293,Lahore,Islamabad Capital,34.69961,73.92479,2024-10-20,04:00,166.71,48.36,130.94,75.65,0.81,83.08,16.5,40,24.4,W,16.5,471,Very Unhealthy
AQ1294,Karachi,KPK,33.64816,74.61868,2024-10-21,18:30,233.45,363.01,79.09,47.12,14.61,124.79,28.5,43,40.0,SW,30.5,20,Moderate
AQ1295,Islamabad,Balochistan,33.1581,69.49916,2024-10-22,09:00,147.82,111.37,35.53,8.46,7.52,171.15,40.6,35,5.6,NW,27.2,383,Hazardous
AQ1296,Islamabad,Balochistan,24.87536,73.90005,2024-10-23,03:30,100.16,331.25,54.85,4.45,6.99,146.38,24.9,51,24.5,S,29.0,411,Good
AQ1297,Quetta,Punjab,24.56244,72.86587,2024-10-24,02:30,85.97,270.8,57.25,10.41,14.34,180.27,28.6,45,19.1,SE,40.9,304,Hazardous
AQ1298,Peshawar,Islamabad Capital,33.03975,69.05976,2024-10-25,18:30,125.85,218.74,70.49,48.14,7.62,25.72,26.3,22,10.3,E,25.5,406,Unhealthy
AQ1299,Quetta,Balochistan,36.28233,66.95934,2024-10-26,22:00,10.66,373.32,65.98,6.83,7.81,23.65,16.3,26,37.7,NE,36.4,215,Unhealthy
AQ1300,Lahore,KPK,34.05841,72.14359,2024-10-27,10:00,61.32,79.59,102.32,46.31,14.76,145.57,30.7,35,31.6,SW,12.5,309,Hazardous
AQ1301,Karachi,KPK,34.80918,67.22807,2024-10-28,14:00,46.69,65.33,54.29,52.9,1.76,85.72,25.4,72,31.1,N,46.6,230,Very Unhealthy
AQ1302,Quetta,Sindh,31.08477,68.64398,2024-10-29,16:30,288.5,142.31,101.13,13.51,14.79,101.51,14.3,23,36.0,NW,4.3,235,Unhealthy
AQ1303,Karachi,Balochistan,27.95962,70.50328,2024-10-30,05:30,28.81,335.48,84.28,40.1,2.57,124.82,40.8,64,29.0,S,49.7,150,Moderate
AQ1304,Quetta,Balochistan,32.81058,72.11894,2024-10-31,19:00,155.28,33.38,12.03,77.18,7.15,197.33,43.0,51,20.3,NE,31.6,67,Moderate
AQ1305,Karachi,KPK,33.25562,74.33605,2024-11-01,15:30,276.72,110.97,138.35,67.25,5.13,22.76,7.2,97,15.7,NE,23.5,45,Moderate
AQ1306,Quetta,Sindh,32.77965,71.33916,2024-11-02,02:30,186.18,181.39,30.8,58.42,14.34,30.69,29.9,77,28.2,SW,15.5,451,Hazardous
AQ1307,Islamabad,Balochistan,36.30722,72.04272,2024-11-03,08:00,153.63,290.92,70.47,42.38,7.33,167.57,21.6,32,24.1,S,20.3,221,Unhealthy
AQ1308,Lahore,KPK,28.77333,68.79012,2024-11-04,15:30,225.47,133.74,142.4,32.75,0.44,13.9,26.0,41,21.7,NE,39.1,239,Very Unhealthy
AQ1309,Quetta,Sindh,24.51555,72.18563,2024-11-05,03:30,112.48,190.28,40.86,37.21,3.4,95.59,20.0,63,23.6,SW,7.0,155,Moderate
AQ1310,Islamabad,Sindh,35.80978,69.94011,2024-11-06,18:30,66.18,148.0,8.21,61.64,6.52,157.08,24.0,63,26.2,SE,12.6,94,Very Unhealthy
AQ1311,Peshawar,KPK,26.08649,73.71238,2024-11-07,14:00,255.71,54.98,76.06,45.24,10.18,47.1,17.9,49,38.7,SE,6.2,96,Moderate
AQ1312,Quetta,Sindh,33.06514,69.53205,2024-11-08,15:00,26.41,300.7,37.47,61.64,8.47,45.53,9.7,42,30.1,SW,21.3,305,Hazardous
AQ1313,Karachi,Sindh,35.35166,70.21445,2024-11-09,09:00,244.26,195.32,89.39,77.65,12.76,68.95,17.1,31,7.1,N,19.4,82,Moderate
AQ1314,Lahore,Punjab,28.03184,69.89329,2024-11-10,04:00,39.98,328.75,123.48,51.96,12.44,38.5,31.8,33,18.7,SW,32.4,244,Hazardous
AQ1315,Islamabad,Sindh,34.7954,73.30011,2024-11-11,13:30,191.41,283.98,79.13,49.04,8.9,138.93,7.0,55,27.1,SW,49.8,62,Unhealthy
AQ1316,Islamabad,Balochistan,28.31676,74.58329,2024-11-12,23:30,148.34,41.97,98.53,33.68,8.61,48.03,20.3,64,7.0,N,44.6,9,Unhealthy
AQ1317,Lahore,Sindh,34.32535,68.94549,2024-11-13,19:00,299.58,210.03,101.59,17.35,4.24,53.1,6.7,91,37.3,E,44.0,88,Very Unhealthy
AQ1318,Quetta,Balochistan,24.90779,70.27525,2024-11-14,19:30,122.5,396.53,123.98,31.19,14.37,119.24,19.3,43,3.1,W,32.3,164,Moderate
AQ1319,Karachi,KPK,32.51816,72.35334,2024-11-15,15:00,287.61,136.99,104.75,42.57,1.25,193.79,8.5,22,24.4,E,13.5,396,Unhealthy
AQ1320,Peshawar,Sindh,32.8028,74.05843,2024-11-16,09:00,127.1,207.32,146.54,4.72,6.02,183.64,18.6,97,39.0,W,19.2,325,Good
AQ1321,Quetta,KPK,30.38854,70.44331,2024-11-17,16:00,207.69,267.77,71.15,39.11,9.95,174.25,38.5,70,29.1,S,12.5,285,Good
AQ1322,Lahore,Islamabad Capital,32.93218,66.98004,2024-11-18,12:30,196.66,96.86,12.29,69.25,14.19,110.88,29.5,94,27.1,NE,6.8,214,Very Unhealthy
AQ1323,Quetta,Sindh,36.00139,69.31804,2024-11-19,22:00,35.07,286.95,62.13,78.18,7.57,66.57,32.3,74,39.9,E,21.8,483,Unhealthy
AQ1324,Quetta,KPK,33.54011,70.95326,2024-11-20,00:00,225.58,270.72,126.78,68.73,13.45,144.1,25.2,57,31.7,NE,44.9,335,Hazardous
AQ1325,Lahore,Islamabad Capital,36.49685,69.75772,2024-11-21,05:00,70.51,162.48,24.29,15.41,1.66,84.02,41.9,39,38.8,E,37.2,71,Good
AQ1326,Lahore,Balochistan,29.83196,67.679,2024-11-22,00:30,122.65,128.09,111.71,14.09,8.02,157.8,26.6,21,28.0,E,49.2,207,Unhealthy
AQ1327,Peshawar,Balochistan,30.86778,66.33291,2024-11-23,17:00,236.84,369.26,82.67,32.68,4.81,13.08,9.2,45,26.6,N,9.7,138,Hazardous
AQ1328,Lahore,Balochistan,27.4286,72.18668,2024-11-24,06:00,283.85,68.27,135.6,19.58,11.96,110.61,42.3,21,30.5,SW,25.0,245,Moderate
AQ1329,Lahore,Balochistan,36.81282,74.93463,2024-11-25,19:00,172.34,184.17,111.02,54.73,6.73,74.1,10.3,86,7.6,W,39.7,378,Unhealthy
AQ1330,Lahore,Balochistan,24.71678,74.27286,2024-11-26,16:30,160.62,311.45,100.78,8.6,7.18,57.32,45.0,93,32.2,S,23.0,128,Moderate
AQ1331,Islamabad,Punjab,28.66207,72.14944,2024-11-27,16:30,156.43,76.29,133.6,36.61,1.07,135.75,22.4,61,38.8,SE,17.8,469,Good
AQ1332,Lahore,KPK,27.87006,73.57377,2024-11-28,17:00,246.8,374.51,136.69,23.87,6.63,135.09,7.9,59,24.5,NE,40.8,401,Moderate
AQ1333,Lahore,Islamabad Capital,29.02465,68.30155,2024-11-29,15:30,298.0,219.98,60.81,48.44,1.3,17.04,39.6,28,0.5,E,21.5,99,Good
AQ1334,Lahore,Islamabad Capital,35.93033,71.60191,2024-11-30,22:00,193.74,211.83,139.54,64.17,4.56,190.06,8.7,21,2.9,SW,45.6,10,Very Unhealthy
AQ1335,Peshawar,Sindh,28.78449,66.54544,2024-12-01,05:30,119.8,181.23,12.93,74.04,1.99,78.75,12.0,47,9.4,NE,13.4,339,Very Unhealthy
AQ1336,Quetta,KPK,35.9207,72.36466,2024-12-02,16:00,73.41,349.63,115.57,77.18,5.08,184.31,21.7,22,19.6,N,44.8,393,Good
AQ1337,Lahore,Punjab,29.50341,74.72885,2024-12-03,08:30,67.66,380.41,53.8,29.39,3.49,120.91,32.0,35,16.6,SE,13.9,175,Hazardous
AQ1338,Lahore,Punjab,35.11199,73.74718,2024-12-04,02:00,258.28,164.43,75.67,68.76,4.35,133.99,9.8,23,39.2,S,14.5,316,Very Unhealthy
AQ1339,Peshawar,KPK,30.78275,70.80997,2024-12-05,09:00,297.78,226.11,126.18,48.17,2.31,192.5,29.9,42,37.8,W,21.0,393,Hazardous
AQ1340,Quetta,Balochistan,28.04759,73.09866,2024-12-06,15:00,212.42,139.86,97.37,56.0,6.65,166.22,36.2,96,15.7,W,25.8,356,Hazardous
AQ1341,Peshawar,Balochistan,29.84155,74.49509,2024-12-07,13:00,287.19,159.85,71.34,68.39,7.51,36.61,9.9,25,31.8,E,20.9,377,Hazardous
AQ1342,Karachi,KPK,29.51695,67.94416,2024-12-08,20:30,111.5,30.77,28.77,12.15,12.57,10.99,30.9,93,25.5,SE,43.1,315,Unhealthy
AQ1343,Karachi,Islamabad Capital,27.37888,73.13933,2024-12-09,18:30,192.0,318.66,141.19,75.9,8.13,68.63,43.4,74,9.7,S,39.8,369,Unhealthy
AQ1344,Karachi,Balochistan,27.7653,68.42862,2024-12-10,07:00,158.39,388.35,53.21,44.7,3.51,102.82,43.7,27,37.2,W,15.5,149,Hazardous
AQ1345,Lahore,Sindh,26.4239,73.89253,2024-12-11,22:30,149.79,312.42,19.67,28.21,11.06,149.11,11.5,92,10.4,S,25.6,74,Good
AQ1346,Peshawar,Punjab,28.36801,66.88519,2024-12-12,23:30,193.39,216.92,86.8,28.42,4.53,135.6,35.4,83,34.8,NE,21.6,98,Very Unhealthy
AQ1347,Lahore,Balochistan,32.11728,67.60397,2024-12-13,01:30,100.0,334.45,63.91,60.58,11.37,69.44,38.9,86,25.5,N,2.8,264,Moderate
AQ1348,Karachi,Islamabad Capital,29.02526,72.48555,2024-12-14,09:00,195.78,345.99,90.62,54.94,5.87,112.98,40.6,60,24.8,S,37.4,398,Unhealthy
AQ1349,Quetta,Balochistan,33.2602,67.573,2024-12-15,10:00,205.13,226.92,38.86,58.9,7.75,133.68,17.9,59,33.5,S,9.1,242,Unhealthy
AQ1350,Quetta,Balochistan,36.83072,67.42249,2024-12-16,19:30,252.47,376.12,59.92,21.73,7.61,107.61,15.8,46,19.8,SE,46.7,82,Moderate
AQ1351,Peshawar,Punjab,28.90231,70.9992,2024-12-17,00:00,221.84,31.46,146.01,15.28,14.34,140.91,6.9,58,34.1,SW,19.9,292,Hazardous
AQ1352,Quetta,Sindh,30.01431,73.51489,2024-12-18,09:30,102.73,23.84,140.8,58.31,2.39,102.19,21.0,72,22.0,SW,31.1,69,Moderate
AQ1353,Karachi,Sindh,26.13343,68.41621,2024-12-19,10:30,140.73,50.95,130.34,25.28,14.08,110.64,10.0,59,39.4,W,40.9,227,Hazardous
AQ1354,Peshawar,Islamabad Capital,29.0988,73.57024,2024-12-20,06:00,44.91,41.99,117.97,19.35,8.47,188.75,36.5,71,26.4,NW,9.0,171,Unhealthy
AQ1355,Peshawar,KPK,33.44882,73.27158,2024-12-21,20:00,84.62,181.35,27.7,18.74,14.91,83.94,10.7,56,15.0,E,27.1,452,Moderate
AQ1356,Karachi,KPK,26.82626,71.21195,2024-12-22,00:00,161.07,377.32,72.7,13.58,8.64,153.58,37.8,86,30.5,SE,11.9,130,Good
AQ1357,Karachi,KPK,26.3667,71.81906,2024-12-23,07:00,39.22,276.58,110.55,35.29,9.88,73.59,9.3,38,20.4,E,25.5,9,Very Unhealthy
AQ1358,Karachi,Islamabad Capital,28.89287,66.36397,2024-12-24,07:00,175.48,270.59,42.96,22.35,11.27,73.05,24.2,53,32.2,NW,29.0,460,Very Unhealthy
AQ1359,Karachi,Balochistan,34.64244,69.30422,2024-12-25,06:30,123.18,166.26,9.8,71.72,12.34,186.07,20.4,97,33.3,NW,8.5,387,Very Unhealthy
AQ1360,Peshawar,Sindh,32.10754,68.37055,2024-12-26,02:00,20.08,222.83,65.62,55.75,7.22,142.75,29.1,85,24.7,SE,29.0,55,Moderate
AQ1361,Quetta,Sindh,36.44853,67.35003,2024-12-27,02:30,135.99,135.59,66.65,60.02,10.21,186.5,25.8,29,34.9,NW,22.7,423,Hazardous
AQ1362,Karachi,Balochistan,35.75903,69.50693,2024-12-28,20:00,91.53,216.78,14.44,33.48,9.26,198.97,28.9,71,16.1,NE,26.1,32,Unhealthy
AQ1363,Islamabad,Sindh,25.96478,69.19414,2024-12-29,15:00,29.42,303.73,51.49,48.82,6.17,10.04,5.0,61,2.3,SW,45.2,243,Very Unhealthy
AQ1364,Peshawar,Sindh,24.55319,72.56003,2024-12-30,12:30,95.08,232.3,138.01,41.06,12.33,196.8,10.1,79,26.5,W,24.2,225,Moderate
AQ1365,Lahore,KPK,29.18823,71.38287,2024-12-31,12:00,95.29,179.17,41.29,15.06,2.97,29.17,25.7,21,30.6,W,23.8,227,Very Unhealthy
AQ1366,Quetta,KPK,30.78703,74.2179,2025-01-01,19:00,112.97,341.07,87.53,5.73,2.59,23.38,14.2,20,2.9,N,23.5,244,Hazardous
AQ1367,Peshawar,Punjab,30.70242,67.30867,2025-01-02,19:30,116.28,129.23,75.74,55.31,11.07,155.88,8.1,69,30.8,E,31.2,416,Good
AQ1368,Karachi,Punjab,25.74339,66.53774,2025-01-03,07:00,134.63,202.97,130.01,11.45,9.6,76.54,13.7,55,25.6,W,18.4,443,Good
AQ1369,Islamabad,Sindh,25.62263,70.81147,2025-01-04,02:30,36.67,391.7,99.76,6.47,4.83,184.38,36.2,41,4.7,NW,40.1,404,Unhealthy
AQ1370,Lahore,KPK,24.60919,66.00924,2025-01-05,00:00,11.53,387.58,27.97,36.47,9.56,113.46,26.7,55,21.6,NE,14.3,102,Good
AQ1371,Quetta,Punjab,35.06118,73.08947,2025-01-06,20:00,223.44,22.39,25.72,59.57,11.58,83.36,12.6,22,4.3,SE,15.0,196,Good
AQ1372,Karachi,Punjab,36.32067,70.55376,2025-01-07,03:00,107.83,222.25,85.84,61.97,3.33,23.95,5.6,63,12.9,N,29.4,374,Moderate
AQ1373,Peshawar,KPK,25.50391,70.39259,2025-01-08,01:30,187.95,148.03,11.74,70.13,8.76,98.28,19.3,35,32.2,SW,13.0,300,Moderate
AQ1374,Peshawar,Punjab,26.77059,69.26246,2025-01-09,00:00,99.04,130.67,62.06,17.54,12.39,62.8,19.3,30,4.0,E,4.5,312,Unhealthy
AQ1375,Quetta,Balochistan,25.16822,69.37476,2025-01-10,20:00,295.41,246.58,62.86,78.88,6.23,24.56,34.4,29,18.4,SW,10.3,460,Unhealthy
AQ1376,Islamabad,Balochistan,35.40753,69.8802,2025-01-11,00:30,101.47,189.6,33.47,61.53,8.62,137.37,41.8,70,24.2,E,45.7,423,Moderate
AQ1377,Karachi,KPK,36.46321,66.14429,2025-01-12,23:30,185.46,298.48,48.65,14.26,1.27,195.69,19.9,61,37.6,SW,0.5,208,Good
AQ1378,Quetta,KPK,27.40336,66.75191,2025-01-13,16:30,73.79,30.31,52.84,67.58,12.47,81.99,32.5,44,29.5,E,6.7,381,Hazardous
AQ1379,Quetta,Punjab,27.94659,70.54543,2025-01-14,17:00,160.16,372.22,6.7,40.92,11.96,66.48,30.4,25,5.6,N,37.9,191,Good
AQ1380,Peshawar,Sindh,28.71471,67.3511,2025-01-15,22:30,178.01,235.69,121.85,7.19,6.9,27.09,21.9,63,38.8,SE,49.0,126,Good
AQ1381,Quetta,Islamabad Capital,30.53203,73.00886,2025-01-16,06:00,63.02,279.95,143.83,12.3,1.88,52.4,7.6,27,19.1,SE,34.4,9,Hazardous
AQ1382,Lahore,Balochistan,32.87199,68.47037,2025-01-17,08:00,45.86,249.74,46.94,35.84,9.94,64.14,23.9,53,14.8,NE,46.1,329,Unhealthy
AQ1383,Lahore,Balochistan,30.55708,66.8811,2025-01-18,04:30,292.34,395.87,21.24,43.38,8.64,75.39,19.2,60,5.1,SE,42.8,65,Moderate
AQ1384,Karachi,KPK,36.36302,68.11689,2025-01-19,01:00,269.05,394.79,143.27,75.9,13.8,130.45,27.0,20,37.3,NE,24.0,357,Unhealthy
AQ1385,Quetta,Sindh,25.29861,69.21388,2025-01-20,01:30,201.42,251.76,112.38,18.83,4.27,31.83,10.0,22,23.4,SW,16.7,340,Unhealthy
AQ1386,Peshawar,KPK,34.38187,66.31785,2025-01-21,12:00,259.71,279.91,134.22,38.98,0.58,21.1,34.0,71,39.5,W,31.6,448,Unhealthy
AQ1387,Karachi,Punjab,28.34828,67.27508,2025-01-22,18:00,37.71,255.06,57.33,19.62,3.9,186.81,36.5,96,7.0,W,26.7,157,Moderate
AQ1388,Islamabad,Sindh,28.90812,68.91462,2025-01-23,21:00,221.52,138.06,75.19,45.56,6.48,161.85,20.5,62,21.8,E,1.3,255,Unhealthy
AQ1389,Peshawar,Punjab,33.21478,68.79432,2025-01-24,18:30,92.83,93.19,139.88,72.93,2.42,62.86,12.0,66,4.4,NW,47.9,337,Unhealthy
AQ1390,Islamabad,Balochistan,36.0819,73.20348,2025-01-25,14:00,166.45,173.05,71.64,46.28,14.7,131.37,29.9,38,21.0,S,28.5,34,Very Unhealthy
AQ1391,Karachi,KPK,33.31061,73.5893,2025-01-26,00:00,231.8,279.45,102.45,41.79,3.41,122.57,43.2,89,35.6,W,43.7,308,Good
AQ1392,Lahore,KPK,34.08619,67.74077,2025-01-27,14:30,19.71,41.27,107.2,60.51,10.2,151.17,33.0,66,4.4,NE,36.7,166,Very Unhealthy
AQ1393,Peshawar,Islamabad Capital,33.76013,67.11546,2025-01-28,19:00,211.5,215.44,126.38,13.51,6.87,173.27,9.9,97,10.8,E,17.0,367,Moderate
AQ1394,Peshawar,Sindh,28.17272,71.70746,2025-01-29,04:30,136.11,175.19,146.4,72.64,8.37,77.97,20.9,24,27.3,NE,45.1,21,Hazardous
AQ1395,Karachi,Balochistan,33.8401,73.24161,2025-01-30,14:00,137.51,220.44,53.56,47.06,14.0,135.56,41.6,83,3.1,E,39.5,66,Hazardous
AQ1396,Peshawar,Islamabad Capital,34.19877,74.67351,2025-01-31,21:30,273.11,346.89,40.88,55.53,8.02,162.39,30.4,64,18.2,N,21.5,197,Very Unhealthy
AQ1397,Peshawar,Islamabad Capital,30.9342,66.06117,2025-02-01,15:30,259.32,38.09,16.27,65.88,4.65,142.87,10.9,83,13.3,W,42.0,99,Very Unhealthy
AQ1398,Karachi,KPK,30.97783,69.7231,2025-02-02,21:30,26.68,310.18,129.2,51.53,3.39,185.21,34.0,64,33.5,NW,13.6,335,Very Unhealthy
AQ1399,Quetta,Sindh,33.87637,72.60589,2025-02-03,00:00,189.31,273.43,47.44,52.01,13.39,103.99,19.1,55,2.0,N,33.5,194,Good
AQ1400,Karachi,KPK,34.6214,73.45703,2025-02-04,20:00,136.4,97.46,12.19,58.91,14.8,162.5,24.6,28,34.5,W,5.7,99,Moderate
AQ1401,Peshawar,Sindh,28.38354,66.56057,2025-02-05,08:00,44.17,298.99,130.46,6.07,3.85,182.85,21.6,42,28.1,NW,43.3,74,Unhealthy
AQ1402,Karachi,Islamabad Capital,34.42031,72.12553,2025-02-06,05:30,256.8,208.62,78.94,31.81,10.86,115.84,34.0,51,11.9,NW,36.5,375,Very Unhealthy
AQ1403,Peshawar,Punjab,34.58472,68.60045,2025-02-07,00:30,30.74,202.79,126.56,77.11,7.64,13.29,13.7,64,7.9,NW,7.6,16,Good
AQ1404,Islamabad,Balochistan,27.04363,66.67137,2025-02-08,04:00,19.31,203.57,85.4,22.12,10.51,165.42,20.5,47,38.0,NE,1.1,146,Hazardous
AQ1405,Islamabad,Islamabad Capital,33.32036,70.40192,2025-02-09,05:30,67.28,380.71,50.49,44.3,14.47,170.75,34.8,71,22.2,NE,19.5,249,Hazardous
AQ1406,Lahore,KPK,26.42494,67.42338,2025-02-10,12:00,97.98,378.86,23.82,15.68,4.21,85.97,33.2,30,13.8,S,33.8,254,Hazardous
AQ1407,Karachi,Balochistan,25.20964,72.63307,2025-02-11,17:30,27.66,367.17,68.39,27.22,11.13,53.52,13.1,38,1.8,NE,14.2,187,Very Unhealthy
AQ1408,Karachi,Islamabad Capital,31.46906,72.67136,2025-02-12,21:30,195.98,356.96,8.85,57.93,6.63,195.85,19.0,83,6.6,SW,48.7,327,Hazardous
AQ1409,Islamabad,Sindh,35.81248,73.57861,2025-02-13,17:00,136.77,34.28,92.36,52.16,9.82,114.81,5.6,84,23.9,E,46.7,379,Hazardous
AQ1410,Islamabad,KPK,24.46097,69.39812,2025-02-14,10:30,129.53,172.23,67.01,34.32,6.16,108.07,26.2,92,20.5,S,29.9,461,Hazardous
AQ1411,Islamabad,Islamabad Capital,34.74452,66.11979,2025-02-15,16:00,52.15,360.05,25.52,75.17,10.65,189.75,16.2,76,30.3,E,15.8,345,Unhealthy
AQ1412,Lahore,Sindh,30.58413,68.33762,2025-02-16,10:00,136.96,306.95,81.88,62.45,5.13,87.54,5.5,85,33.4,S,44.8,239,Hazardous
AQ1413,Lahore,Sindh,35.19164,70.21031,2025-02-17,19:30,123.15,193.53,121.13,22.9,7.38,171.15,22.0,23,15.9,E,40.2,472,Good
AQ1414,Quetta,Sindh,34.9652,72.2461,2025-02-18,10:30,121.26,313.84,146.35,38.3,10.66,143.12,42.1,48,4.0,S,4.3,306,Very Unhealthy
AQ1415,Karachi,Balochistan,35.37873,69.43837,2025-02-19,13:30,73.38,99.11,81.47,70.49,0.74,193.87,41.9,23,31.7,W,23.8,175,Unhealthy
AQ1416,Lahore,KPK,33.99536,70.82444,2025-02-20,01:30,37.39,247.92,23.78,3.75,4.99,91.44,19.9,20,22.1,NW,49.1,312,Unhealthy
AQ1417,Peshawar,Sindh,34.9589,70.71837,2025-02-21,12:30,85.61,222.54,122.55,47.35,8.24,182.45,23.0,37,39.2,W,22.7,393,Very Unhealthy
AQ1418,Karachi,Islamabad Capital,26.28833,67.48484,2025-02-22,11:00,203.51,237.95,105.89,20.09,1.2,118.09,14.7,32,31.9,S,46.6,31,Hazardous
AQ1419,Quetta,Sindh,27.95009,71.60745,2025-02-23,23:30,31.15,294.28,143.33,6.98,10.58,100.42,7.7,89,13.2,N,48.9,334,Hazardous
AQ1420,Islamabad,KPK,27.15232,69.95327,2025-02-24,11:00,120.87,380.92,82.61,73.2,12.22,68.08,32.8,68,17.1,SE,19.4,378,Moderate
AQ1421,Quetta,Balochistan,33.65157,73.27127,2025-02-25,20:00,159.17,120.32,56.78,65.67,2.53,115.01,37.0,66,9.4,SW,48.2,121,Hazardous
AQ1422,Karachi,Sindh,25.99736,72.2155,2025-02-26,03:30,289.31,308.06,144.61,16.45,11.03,118.78,40.2,49,20.5,S,6.9,323,Good
AQ1423,Islamabad,Islamabad Capital,26.36896,67.00322,2025-02-27,15:30,254.71,265.15,83.07,67.28,9.73,180.69,42.4,46,28.4,N,8.0,27,Hazardous
AQ1424,Quetta,KPK,35.42654,70.39883,2025-02-28,19:00,275.82,284.16,7.31,13.42,6.22,143.77,41.6,91,24.5,NW,13.8,387,Very Unhealthy
AQ1425,Quetta,Sindh,33.17647,72.32245,2025-03-01,21:30,247.8,182.99,73.68,39.14,2.56,167.03,6.1,47,13.7,E,23.4,188,Hazardous
AQ1426,Karachi,Balochistan,35.37994,66.78311,2025-03-02,00:00,180.84,378.94,5.34,58.61,14.33,156.13,44.1,21,32.9,S,9.1,332,Very Unhealthy
AQ1427,Lahore,Punjab,25.81162,73.13247,2025-03-03,14:30,259.63,202.27,111.97,43.64,7.01,62.56,20.2,39,4.2,N,17.0,139,Unhealthy
AQ1428,Peshawar,Islamabad Capital,29.18675,67.99804,2025-03-04,13:30,173.92,66.2,87.06,68.36,2.84,49.1,40.4,94,5.7,NW,5.2,270,Moderate
AQ1429,Quetta,Sindh,27.68097,70.52776,2025-03-05,08:00,113.75,278.66,20.92,50.12,10.8,59.11,22.6,97,16.2,S,21.5,284,Unhealthy
AQ1430,Peshawar,Sindh,24.12585,74.46505,2025-03-06,11:00,117.98,68.97,122.89,35.69,9.16,37.85,21.9,43,28.1,W,41.4,342,Very Unhealthy
AQ1431,Karachi,Punjab,27.6988,71.14201,2025-03-07,18:30,173.98,142.62,82.78,74.16,12.26,83.33,5.4,96,27.8,W,29.8,268,Moderate
AQ1432,Karachi,KPK,28.93458,69.81649,2025-03-08,11:30,244.74,106.64,21.54,4.83,14.94,134.24,7.1,91,14.7,S,40.5,293,Unhealthy
AQ1433,Lahore,Punjab,25.19886,66.06115,2025-03-09,10:30,48.76,224.8,28.2,40.1,0.77,112.03,31.9,63,27.9,S,6.8,185,Hazardous
AQ1434,Islamabad,KPK,31.36434,67.20072,2025-03-10,02:00,21.39,152.05,124.21,53.54,11.12,139.05,42.5,40,2.4,NE,20.0,109,Hazardous
AQ1435,Peshawar,Sindh,28.98124,71.20797,2025-03-11,12:00,238.97,80.74,56.55,67.21,14.84,77.66,14.0,41,11.6,NW,2.0,254,Moderate
AQ1436,Quetta,Punjab,24.604,70.44443,2025-03-12,03:00,197.8,320.51,124.06,44.21,8.12,49.0,8.8,92,27.8,SE,18.5,34,Unhealthy
AQ1437,Islamabad,Sindh,33.15173,69.27446,2025-03-13,10:30,248.18,198.03,15.08,71.07,10.76,48.52,13.6,77,7.4,W,30.7,423,Good
AQ1438,Peshawar,Punjab,33.48064,74.30894,2025-03-14,21:30,293.24,192.69,40.36,35.25,6.67,124.16,13.5,30,8.5,E,28.4,331,Good
AQ1439,Peshawar,Sindh,34.84813,68.99234,2025-03-15,18:00,82.9,356.82,115.86,26.74,5.42,41.22,16.7,99,3.5,S,3.0,221,Good
AQ1440,Islamabad,Sindh,30.31203,70.83436,2025-03-16,16:30,66.34,224.75,98.05,77.96,10.48,85.46,8.8,72,14.6,NE,3.1,109,Unhealthy
AQ1441,Islamabad,Sindh,36.59256,71.11842,2025-03-17,17:30,108.88,289.76,49.49,54.04,14.82,50.44,14.4,28,33.0,SE,15.3,260,Unhealthy
AQ1442,Lahore,Balochistan,35.88283,70.74722,2025-03-18,19:30,264.61,144.66,140.72,35.21,1.47,135.92,41.9,86,33.5,NW,38.6,1,Unhealthy
AQ1443,Quetta,Punjab,31.16757,70.29827,2025-03-19,09:30,14.05,233.29,35.6,70.5,6.39,126.93,40.6,71,34.5,SW,1.0,233,Very Unhealthy
AQ1444,Quetta,Balochistan,29.78438,69.03357,2025-03-20,18:00,13.05,296.04,128.22,55.28,14.12,82.41,17.7,32,1.5,S,30.8,285,Good
AQ1445,Quetta,Sindh,24.03945,74.17887,2025-03-21,08:00,72.87,132.66,105.88,51.76,1.78,34.46,44.9,20,39.7,W,9.2,98,Good
AQ1446,Islamabad,Islamabad Capital,33.24293,70.05723,2025-03-22,01:30,119.02,281.64,22.56,58.83,9.8,50.25,16.9,63,20.1,N,47.2,118,Good
AQ1447,Lahore,KPK,31.34441,70.75604,2025-03-23,08:30,97.68,236.13,85.49,59.59,6.51,99.72,33.9,94,34.9,SW,21.5,9,Very Unhealthy
AQ1448,Karachi,Punjab,36.18807,71.9083,2025-03-24,13:30,249.23,184.99,139.84,40.45,5.72,194.7,30.8,43,36.2,NW,2.4,72,Very Unhealthy
AQ1449,Lahore,Punjab,31.72502,66.6089,2025-03-25,07:30,210.02,290.93,94.74,34.71,3.22,61.45,7.6,24,20.6,N,35.7,208,Unhealthy
AQ1450,Islamabad,KPK,36.90713,73.03159,2025-03-26,21:00,252.97,140.42,81.68,72.92,2.73,46.33,18.7,85,2.0,W,24.2,123,Good
AQ1451,Lahore,Balochistan,35.09965,70.61257,2025-03-27,03:30,121.29,291.51,58.12,40.79,7.79,51.93,43.1,39,23.9,SW,44.1,37,Good
AQ1452,Islamabad,KPK,36.39677,71.91459,2025-03-28,21:30,182.78,229.42,119.37,18.83,5.72,144.55,7.0,83,13.4,E,32.6,442,Hazardous
AQ1453,Peshawar,Islamabad Capital,28.25962,72.94811,2025-03-29,08:30,159.48,113.33,137.39,42.69,7.42,183.79,12.0,34,8.3,SW,34.6,93,Hazardous
AQ1454,Peshawar,Sindh,25.94137,73.86689,2025-03-30,14:00,147.67,273.94,114.23,4.68,3.02,24.28,43.8,87,7.3,NW,38.4,232,Hazardous
AQ1455,Karachi,KPK,34.35934,69.52998,2025-03-31,19:30,93.55,356.21,110.16,58.42,5.32,152.36,6.6,73,22.4,NE,21.0,374,Very Unhealthy
AQ1456,Peshawar,KPK,34.22056,73.30287,2025-04-01,07:30,215.67,137.81,32.91,11.9,14.95,103.98,22.9,30,4.2,S,39.6,162,Unhealthy
AQ1457,Karachi,Sindh,26.74884,68.32953,2025-04-02,14:30,161.97,328.69,125.93,10.71,5.58,166.79,41.7,42,32.9,SW,2.5,326,Moderate
AQ1458,Quetta,Punjab,33.94168,71.94302,2025-04-03,16:30,32.79,147.73,10.9,75.82,6.25,90.09,42.7,20,9.1,S,38.3,139,Good
AQ1459,Islamabad,Islamabad Capital,31.56565,66.92437,2025-04-04,14:30,10.15,332.03,114.82,62.26,0.4,10.99,44.2,61,22.0,SE,31.8,241,Hazardous
AQ1460,Quetta,KPK,25.42383,66.18027,2025-04-05,10:00,15.89,39.44,35.58,34.31,5.77,139.73,24.3,66,5.0,S,28.3,169,Good
AQ1461,Quetta,KPK,30.52319,66.86187,2025-04-06,10:30,32.03,22.74,75.65,20.69,11.47,163.51,8.5,87,34.4,NE,15.9,97,Good
AQ1462,Karachi,Punjab,36.10479,68.87444,2025-04-07,23:00,117.58,63.04,105.81,67.79,7.78,181.38,35.9,57,27.7,NE,5.7,432,Good
AQ1463,Islamabad,Islamabad Capital,30.58395,66.27985,2025-04-08,12:00,98.64,352.1,115.07,77.55,9.89,118.12,33.4,21,8.3,W,32.4,382,Unhealthy
AQ1464,Karachi,Sindh,34.25309,71.67442,2025-04-09,10:30,55.43,222.81,133.77,41.65,8.39,33.19,28.2,64,28.6,NE,23.6,66,Good
AQ1465,Lahore,Sindh,24.37583,68.8489,2025-04-10,13:30,159.48,245.76,45.98,47.25,1.67,80.27,40.5,46,3.3,S,10.9,288,Unhealthy
AQ1466,Quetta,Balochistan,33.46506,72.62738,2025-04-11,19:00,291.35,340.04,37.53,20.96,5.05,159.01,41.5,96,30.9,SW,2.2,103,Moderate
AQ1467,Islamabad,Islamabad Capital,36.30889,66.41324,2025-04-12,16:00,56.6,39.25,149.46,47.96,10.44,103.94,32.3,80,19.6,NW,26.9,140,Moderate
AQ1468,Quetta,Islamabad Capital,30.49386,67.95031,2025-04-13,00:30,82.67,167.1,35.1,33.25,8.26,142.86,9.5,30,4.8,SE,6.3,202,Very Unhealthy
AQ1469,Lahore,KPK,28.39023,69.67203,2025-04-14,01:30,144.01,264.37,101.49,67.96,10.16,10.89,8.8,88,22.0,S,46.5,487,Good
AQ1470,Lahore,Balochistan,32.40646,69.44386,2025-04-15,07:30,195.84,173.78,143.15,31.41,5.47,23.87,21.3,48,8.0,NE,7.5,403,Hazardous
AQ1471,Islamabad,Sindh,35.9114,67.17899,2025-04-16,05:30,184.07,32.21,135.0,52.6,2.99,139.42,16.7,44,26.9,NE,1.6,478,Very Unhealthy
AQ1472,Islamabad,Islamabad Capital,26.29801,74.94723,2025-04-17,08:00,161.15,267.36,69.27,17.87,12.46,65.14,10.3,97,28.3,SE,13.1,416,Very Unhealthy
AQ1473,Lahore,Islamabad Capital,29.24802,68.55996,2025-04-18,17:30,223.81,168.73,97.45,9.07,5.71,83.76,29.4,73,30.4,W,8.7,289,Moderate
AQ1474,Quetta,Punjab,26.03177,72.48929,2025-04-19,07:30,255.32,27.3,81.72,5.15,9.86,132.01,32.3,67,35.8,N,39.6,305,Hazardous
AQ1475,Peshawar,Sindh,30.45651,67.98024,2025-04-20,19:00,299.7,84.8,55.27,34.42,5.78,31.28,32.9,65,26.2,NE,14.5,433,Good
AQ1476,Quetta,Punjab,31.02549,73.90066,2025-04-21,11:00,145.0,102.68,25.94,14.76,13.92,168.21,12.0,60,19.7,N,12.3,136,Good
AQ1477,Peshawar,Balochistan,36.27465,69.48982,2025-04-22,03:30,298.54,214.03,121.49,79.49,14.88,37.44,17.2,60,34.2,E,49.7,262,Moderate
AQ1478,Karachi,Islamabad Capital,29.3627,74.10812,2025-04-23,04:00,221.84,90.82,18.11,64.27,9.77,149.32,13.0,80,36.0,SE,7.5,392,Unhealthy
AQ1479,Islamabad,Balochistan,31.37044,69.07651,2025-04-24,06:30,200.63,157.3,93.4,56.08,9.07,65.62,29.1,30,31.3,N,4.2,105,Moderate
AQ1480,Lahore,Punjab,35.50841,66.07779,2025-04-25,04:00,195.51,305.25,91.18,64.66,12.63,59.39,27.7,63,37.7,SW,15.3,409,Hazardous
AQ1481,Karachi,Sindh,28.17827,70.65318,2025-04-26,23:00,274.12,326.93,53.55,22.49,7.79,166.04,25.1,51,39.2,NE,20.3,129,Unhealthy
AQ1482,Quetta,Islamabad Capital,32.76413,70.72309,2025-04-27,12:30,284.9,322.26,24.63,70.58,13.06,114.92,16.8,68,10.1,S,38.0,260,Hazardous
AQ1483,Peshawar,Sindh,33.8431,67.07851,2025-04-28,17:30,61.76,284.13,120.95,79.66,6.25,49.04,14.5,25,7.3,S,47.8,112,Good
AQ1484,Islamabad,Balochistan,28.29687,68.11467,2025-04-29,01:00,153.09,225.89,71.98,24.61,0.58,10.48,40.6,76,17.9,SW,38.2,321,Unhealthy
AQ1485,Peshawar,KPK,26.13644,73.05146,2025-04-30,04:30,283.02,229.24,110.16,78.8,13.91,194.88,7.0,25,39.9,NE,36.3,115,Hazardous
AQ1486,Quetta,Sindh,30.53782,66.3308,2025-05-01,12:00,120.81,382.29,7.39,26.99,10.85,91.96,31.3,66,3.5,W,49.6,137,Good
AQ1487,Quetta,Sindh,28.63842,70.40574,2025-05-02,01:30,77.48,353.59,15.8,2.91,7.71,85.51,5.8,82,28.5,NW,38.3,414,Hazardous
AQ1488,Lahore,Sindh,27.46401,70.77367,2025-05-03,14:30,39.77,266.92,30.5,30.64,14.18,19.56,12.8,68,34.0,NE,7.0,160,Unhealthy
AQ1489,Karachi,Islamabad Capital,36.65448,72.19841,2025-05-04,05:00,183.19,198.03,21.51,79.81,13.31,179.94,16.6,41,39.9,NE,23.1,107,Good
AQ1490,Islamabad,Balochistan,30.52799,66.33711,2025-05-05,09:00,213.08,297.05,32.8,51.54,1.72,36.71,40.5,86,24.8,NW,25.2,247,Hazardous
AQ1491,Lahore,Balochistan,35.13421,71.27082,2025-05-06,06:00,66.71,43.83,104.54,56.25,9.4,73.74,10.5,38,15.2,W,15.2,366,Very Unhealthy
AQ1492,Peshawar,Islamabad Capital,26.53913,66.02788,2025-05-07,17:30,205.36,378.95,11.81,20.59,8.12,90.01,42.5,74,6.7,W,8.2,133,Unhealthy
AQ1493,Karachi,Sindh,36.21276,68.38661,2025-05-08,01:00,270.89,228.08,10.49,13.38,11.67,163.92,37.6,53,39.3,E,35.6,13,Unhealthy
AQ1494,Islamabad,Sindh,34.32761,70.49716,2025-05-09,23:30,80.64,211.06,9.59,71.07,4.58,78.3,32.2,60,37.0,E,13.9,77,Unhealthy
AQ1495,Peshawar,KPK,34.513,74.20153,2025-05-10,06:30,45.38,130.52,106.16,34.24,0.22,110.98,21.5,26,32.2,E,31.2,270,Good
AQ1496,Islamabad,Sindh,29.06694,67.13931,2025-05-11,04:30,252.27,21.29,82.74,2.32,2.86,91.46,41.2,76,37.8,W,16.1,224,Unhealthy
AQ1497,Islamabad,Punjab,30.31328,67.5236,2025-05-12,18:30,275.77,43.27,58.69,24.95,3.24,69.25,26.1,35,2.4,N,25.3,120,Hazardous
AQ1498,Karachi,Sindh,31.71361,72.02325,2025-05-13,19:30,72.31,119.94,102.96,17.27,4.44,189.8,19.8,78,25.3,NE,16.9,222,Very Unhealthy
AQ1499,Peshawar,KPK,34.26695,69.37376,2025-05-14,13:00,219.2,225.79,85.27,49.09,5.62,161.41,28.4,57,11.0,SE,20.6,208,Hazardous
AQ1500,Lahore,Punjab,35.03774,71.61079,2025-05-15,11:30,181.37,51.76,6.06,60.98,10.63,43.13,14.3,28,30.6,SW,36.6,426,Hazardous
AQ1501,Lahore,KPK,25.01459,74.97709,2025-05-16,07:30,79.37,389.38,126.59,40.8,1.21,115.39,15.9,96,3.8,E,44.2,462,Unhealthy
AQ1502,Lahore,KPK,35.75281,74.88184,2025-05-17,04:30,248.86,176.17,55.78,16.5,7.35,161.35,41.8,53,10.3,SW,25.4,403,Very Unhealthy
AQ1503,Islamabad,Balochistan,36.18746,69.18342,2025-05-18,13:00,146.43,140.2,62.94,6.52,7.53,120.16,36.8,65,34.0,SW,30.5,239,Very Unhealthy
AQ1504,Quetta,Islamabad Capital,31.70754,70.53533,2025-05-19,03:00,213.1,219.57,118.43,26.46,9.28,103.82,25.5,56,30.0,SE,43.2,20,Very Unhealthy
AQ1505,Karachi,KPK,26.42776,74.14221,2025-05-20,13:30,97.41,44.69,32.13,64.87,4.73,23.69,21.7,62,39.7,N,7.2,447,Very Unhealthy
AQ1506,Lahore,Sindh,34.63939,66.82951,2025-05-21,12:30,246.58,343.17,6.46,34.72,3.97,30.15,37.3,66,25.8,NE,8.1,284,Moderate
AQ1507,Karachi,Balochistan,31.13164,70.07074,2025-05-22,08:30,86.64,194.91,136.78,21.68,7.31,56.6,27.8,25,12.1,SW,18.0,442,Very Unhealthy
AQ1508,Islamabad,Punjab,34.62355,69.3982,2025-05-23,06:00,115.79,87.77,78.29,3.62,9.93,107.55,21.6,57,21.9,NW,15.5,328,Unhealthy
AQ1509,Karachi,Islamabad Capital,34.59251,68.65394,2025-05-24,03:30,123.53,81.46,55.68,40.69,0.76,197.59,25.6,80,37.8,NW,49.3,447,Very Unhealthy
AQ1510,Lahore,Balochistan,25.12748,74.94784,2025-05-25,13:00,69.86,157.16,123.76,55.42,4.47,162.43,14.3,23,26.1,NW,28.2,92,Hazardous
AQ1511,Lahore,KPK,31.89128,72.60194,2025-05-26,06:30,263.57,237.88,8.81,16.85,11.83,30.91,13.1,24,35.3,SE,26.2,427,Moderate
AQ1512,Islamabad,Balochistan,30.28088,69.49872,2025-05-27,20:00,42.91,178.42,34.33,43.9,7.31,146.28,44.6,89,0.9,N,28.9,254,Hazardous
AQ1513,Islamabad,Sindh,36.29955,73.4612,2025-05-28,21:30,173.31,246.78,27.52,34.82,14.28,163.99,43.8,79,14.8,NW,43.8,161,Unhealthy
AQ1514,Peshawar,Sindh,27.85634,70.40699,2025-05-29,02:30,246.1,288.08,111.99,56.91,13.03,88.71,21.8,96,37.4,S,12.2,302,Unhealthy
AQ1515,Islamabad,Sindh,26.678,73.85542,2025-05-30,09:30,178.46,304.43,50.25,69.13,5.22,72.73,25.6,96,1.6,S,25.5,251,Very Unhealthy
AQ1516,Quetta,Islamabad Capital,35.66213,68.39742,2025-05-31,13:30,104.8,172.36,117.07,25.95,10.92,121.08,38.1,75,20.8,NW,13.5,264,Unhealthy
AQ1517,Quetta,Balochistan,25.9333,68.0124,2025-06-01,11:00,236.59,292.46,11.01,72.57,4.19,108.64,34.0,78,13.9,SE,39.0,187,Moderate
AQ1518,Lahore,Balochistan,32.92475,68.22558,2025-06-02,05:30,154.76,73.77,93.18,57.14,2.71,60.39,9.0,26,25.8,NE,38.9,111,Hazardous
AQ1519,Islamabad,KPK,27.90026,70.84633,2025-06-03,11:30,57.27,214.98,51.14,4.9,13.23,85.5,20.0,87,6.5,N,47.9,29,Unhealthy
AQ1520,Quetta,Punjab,31.38199,68.62182,2025-06-04,21:30,101.89,47.56,32.1,63.72,5.32,113.44,15.0,50,26.1,N,22.3,272,Unhealthy
AQ1521,Quetta,Sindh,32.01085,67.32408,2025-06-05,10:30,181.66,112.76,123.43,40.58,3.13,120.19,44.7,67,39.7,NW,7.9,435,Moderate
AQ1522,Peshawar,Punjab,29.4258,74.95165,2025-06-06,12:30,201.05,241.61,64.78,75.75,14.48,111.03,34.9,61,10.8,W,44.8,314,Good
AQ1523,Islamabad,Punjab,36.67454,74.1039,2025-06-07,10:30,168.96,301.36,87.89,27.24,0.56,170.76,6.9,49,18.5,SE,44.5,374,Good
AQ1524,Peshawar,Sindh,25.71383,71.71511,2025-06-08,03:00,88.88,56.22,9.8,48.11,5.57,16.03,41.0,70,1.2,E,11.7,387,Moderate
AQ1525,Karachi,Sindh,29.08819,74.02389,2025-06-09,07:00,182.19,98.69,119.79,76.58,0.67,73.27,42.1,54,17.4,SE,13.8,167,Unhealthy
AQ1526,Peshawar,KPK,29.59514,74.41916,2025-06-10,23:30,106.41,396.92,46.6,23.15,7.61,152.47,18.3,81,16.2,NE,15.7,479,Moderate
AQ1527,Karachi,Islamabad Capital,32.20361,72.08497,2025-06-11,14:30,75.23,148.31,105.54,38.81,6.08,133.84,30.7,70,22.6,N,22.6,95,Moderate
AQ1528,Karachi,Sindh,29.29438,70.66812,2025-06-12,01:30,284.2,127.94,115.27,60.69,10.84,184.47,32.3,69,10.3,E,41.5,134,Good
AQ1529,Islamabad,Punjab,25.26147,73.93802,2025-06-13,02:30,101.31,52.4,21.98,55.91,14.32,121.72,34.2,49,13.1,NW,7.2,37,Very Unhealthy
AQ1530,Karachi,KPK,36.31659,71.11017,2025-06-14,23:30,107.33,284.04,47.91,67.42,7.84,131.25,32.7,38,24.4,SW,35.0,287,Unhealthy
AQ1531,Karachi,Balochistan,29.40903,67.1412,2025-06-15,23:00,270.07,213.14,109.9,42.54,4.35,143.94,27.4,69,36.3,NE,17.6,68,Hazardous
AQ1532,Peshawar,KPK,28.45476,69.3017,2025-06-16,00:30,51.38,79.87,38.67,26.88,13.1,45.38,43.2,73,9.4,N,9.8,233,Moderate
AQ1533,Islamabad,Sindh,29.80739,70.01329,2025-06-17,15:00,179.53,260.5,127.99,43.74,9.11,153.12,25.5,23,27.1,NW,16.9,66,Good
AQ1534,Islamabad,Sindh,26.81574,74.41832,2025-06-18,11:30,237.28,219.79,50.24,29.3,8.35,66.98,9.4,31,21.0,S,26.7,55,Very Unhealthy
AQ1535,Karachi,Islamabad Capital,25.30288,71.93267,2025-06-19,17:00,89.36,234.68,63.34,15.76,2.91,90.66,8.2,34,4.2,N,46.1,275,Unhealthy
AQ1536,Peshawar,KPK,25.93152,73.8775,2025-06-20,23:00,254.78,398.04,19.46,45.29,0.7,12.66,5.7,34,22.6,S,31.4,191,Moderate
AQ1537,Peshawar,Sindh,26.16651,72.81833,2025-06-21,15:00,233.2,30.87,26.41,5.77,6.97,170.28,22.1,29,28.4,NW,30.4,119,Good
AQ1538,Peshawar,Punjab,26.56975,68.78875,2025-06-22,12:00,150.97,367.69,44.94,4.85,7.97,191.16,15.9,80,23.9,S,5.4,400,Moderate
AQ1539,Peshawar,Punjab,29.45948,72.46838,2025-06-23,03:30,44.43,339.92,12.09,7.04,1.99,21.44,40.8,38,4.2,W,4.0,399,Hazardous
AQ1540,Lahore,KPK,32.11069,67.7577,2025-06-24,05:30,291.33,177.83,32.99,54.46,0.99,130.69,39.7,72,34.2,SW,6.5,10,Unhealthy
AQ1541,Karachi,Islamabad Capital,32.17554,69.67331,2025-06-25,00:30,191.03,354.76,64.3,33.74,3.32,192.55,38.5,91,1.6,SW,4.8,396,Unhealthy
AQ1542,Karachi,KPK,24.00127,73.25483,2025-06-26,07:00,159.96,266.45,60.09,40.54,1.04,125.31,39.7,76,9.4,NW,28.8,145,Unhealthy
AQ1543,Karachi,Islamabad Capital,35.97245,71.50736,2025-06-27,19:30,266.78,357.95,33.81,28.79,0.94,161.61,16.9,28,24.6,NW,22.6,13,Unhealthy
AQ1544,Islamabad,Punjab,34.69701,73.42871,2025-06-28,15:30,132.19,246.0,16.67,21.78,6.72,32.44,22.0,48,8.7,W,0.2,33,Good
AQ1545,Islamabad,Sindh,36.53119,68.29233,2025-06-29,05:00,173.46,102.14,51.13,29.95,12.17,56.52,17.5,26,4.1,SW,17.6,203,Hazardous
AQ1546,Peshawar,Balochistan,28.67982,72.74774,2025-06-30,08:00,258.94,238.96,113.08,17.08,9.99,75.69,8.4,91,20.5,E,6.4,85,Moderate
AQ1547,Islamabad,Sindh,32.64239,67.82092,2025-07-01,10:00,123.96,88.04,78.96,54.94,10.22,196.42,42.0,36,28.9,NE,49.4,468,Good
AQ1548,Quetta,Punjab,26.18427,70.90774,2025-07-02,10:30,233.99,73.51,142.29,9.94,4.01,158.54,29.6,98,16.4,SW,23.0,380,Very Unhealthy
AQ1549,Karachi,Punjab,34.62143,69.90181,2025-07-03,16:00,84.28,268.54,25.28,42.32,0.27,178.28,10.3,35,27.9,E,21.3,153,Unhealthy
AQ1550,Karachi,Sindh,26.09778,71.00828,2025-07-04,14:00,213.69,380.04,35.06,39.19,6.81,102.54,13.2,90,34.4,SE,32.2,169,Unhealthy
AQ1551,Lahore,Sindh,28.23781,67.2198,2025-07-05,07:00,158.03,243.63,45.64,25.55,5.72,146.19,23.0,57,38.4,W,17.9,444,Moderate
AQ1552,Lahore,Punjab,30.38085,69.25105,2025-07-06,10:00,57.82,322.4,6.89,9.98,14.21,149.0,7.1,95,9.3,E,35.8,166,Unhealthy
AQ1553,Quetta,Sindh,31.72891,72.00213,2025-07-07,00:30,49.44,83.98,141.79,56.86,1.17,118.1,15.9,66,24.2,SW,45.2,385,Unhealthy
AQ1554,Lahore,Balochistan,31.27523,71.02678,2025-07-08,20:30,142.73,268.6,69.58,46.42,11.67,176.81,33.1,29,10.7,NE,24.9,184,Moderate
AQ1555,Peshawar,Balochistan,25.32725,70.94073,2025-07-09,18:30,216.15,298.53,74.84,65.14,5.84,40.07,41.8,43,34.8,NE,19.1,305,Hazardous
AQ1556,Peshawar,KPK,29.48179,70.59747,2025-07-10,01:00,184.96,35.81,27.89,20.37,12.46,20.93,42.1,69,35.6,N,26.1,112,Good
AQ1557,Karachi,Balochistan,35.99782,74.49496,2025-07-11,12:00,257.87,56.92,131.54,63.74,7.47,67.77,25.8,87,12.9,SW,30.2,143,Hazardous
AQ1558,Peshawar,Punjab,35.34079,74.41113,2025-07-12,06:00,123.0,317.0,105.43,24.77,12.33,26.77,17.5,62,25.8,E,42.4,317,Moderate
AQ1559,Lahore,Punjab,31.68019,69.2413,2025-07-13,11:30,254.66,187.18,67.55,10.78,7.06,21.46,41.8,56,35.5,W,19.7,353,Unhealthy
AQ1560,Quetta,KPK,31.44022,69.16706,2025-07-14,15:00,20.74,174.12,132.31,12.52,6.09,89.63,36.5,64,20.3,N,2.6,394,Unhealthy
AQ1561,Peshawar,Islamabad Capital,25.45178,70.99409,2025-07-15,07:00,116.08,369.74,136.29,19.24,14.46,48.1,28.5,73,28.8,E,31.5,210,Hazardous
AQ1562,Karachi,KPK,26.60337,66.86046,2025-07-16,02:30,31.17,396.95,12.17,55.23,5.6,160.13,38.4,62,32.0,NW,49.3,382,Very Unhealthy
AQ1563,Karachi,Islamabad Capital,27.28432,68.72706,2025-07-17,20:00,276.58,310.47,22.3,21.03,12.1,120.16,23.4,87,34.9,NE,42.7,190,Good
AQ1564,Lahore,Islamabad Capital,30.34654,68.07781,2025-07-18,04:30,147.84,321.19,9.01,49.1,1.1,78.51,9.5,56,20.6,W,37.9,285,Unhealthy
AQ1565,Peshawar,Sindh,33.50763,68.01051,2025-07-19,04:00,101.69,99.16,89.35,22.01,1.03,64.44,42.5,60,37.7,SW,8.8,181,Moderate
AQ1566,Lahore,Balochistan,29.98943,71.74655,2025-07-20,20:00,152.82,93.05,36.6,30.49,6.63,117.0,26.4,20,25.2,SW,37.4,454,Hazardous
AQ1567,Karachi,Islamabad Capital,25.63879,69.45915,2025-07-21,20:00,164.53,392.66,127.51,71.4,8.82,92.46,32.8,35,6.1,NW,4.1,154,Good
AQ1568,Quetta,Sindh,29.71154,67.54048,2025-07-22,02:00,255.41,284.13,72.56,41.03,9.17,20.59,20.7,56,24.5,E,24.7,341,Very Unhealthy
AQ1569,Peshawar,KPK,26.11423,73.98815,2025-07-23,22:00,167.3,280.95,126.47,48.82,0.64,136.39,10.4,56,11.9,SW,18.5,191,Unhealthy
AQ1570,Quetta,KPK,33.76492,73.86734,2025-07-24,21:30,135.1,128.75,85.56,16.76,10.48,104.95,15.9,26,14.9,SW,45.3,80,Hazardous
AQ1571,Peshawar,Islamabad Capital,26.16451,73.76217,2025-07-25,20:00,288.79,356.86,120.44,12.26,2.04,62.61,6.7,59,32.4,SW,8.0,334,Unhealthy
AQ1572,Karachi,Sindh,30.27294,69.5167,2025-07-26,09:00,290.88,36.89,58.92,34.23,14.33,65.18,8.5,70,38.9,NE,39.4,392,Hazardous
AQ1573,Peshawar,Punjab,33.01438,66.51284,2025-07-27,09:30,21.14,124.34,142.08,68.72,5.07,96.03,13.2,83,34.8,NE,2.4,331,Very Unhealthy
AQ1574,Karachi,Balochistan,26.96657,66.96068,2025-07-28,16:00,214.99,88.45,101.74,20.79,4.0,167.24,27.4,41,13.0,NW,35.1,455,Moderate
AQ1575,Islamabad,Islamabad Capital,24.98839,68.48443,2025-07-29,21:00,117.81,290.22,91.35,50.49,4.44,90.38,44.7,62,18.1,E,14.7,385,Moderate
AQ1576,Karachi,Punjab,31.32289,67.97973,2025-07-30,18:00,205.81,291.83,56.09,70.02,14.07,169.52,38.7,81,39.3,E,48.8,48,Good
AQ1577,Karachi,Balochistan,24.70463,73.86587,2025-07-31,15:00,194.71,223.2,140.89,74.88,7.29,90.72,8.4,73,36.9,SW,33.6,303,Unhealthy
AQ1578,Peshawar,Punjab,31.64099,74.87722,2025-08-01,19:00,105.73,22.0,53.97,79.52,6.58,167.68,38.7,46,39.1,W,15.4,54,Unhealthy
AQ1579,Quetta,Sindh,33.79548,73.35006,2025-08-02,06:00,296.13,352.03,126.2,61.51,8.53,186.99,26.5,48,17.3,N,11.8,335,Unhealthy
AQ1580,Karachi,Islamabad Capital,28.28111,72.56864,2025-08-03,18:30,113.56,383.12,63.62,7.85,13.97,13.91,31.4,35,32.0,NE,32.0,66,Moderate
AQ1581,Peshawar,Punjab,30.34854,71.29762,2025-08-04,22:00,193.27,96.88,116.24,69.97,4.69,21.83,10.2,30,34.8,N,13.6,114,Good
AQ1582,Karachi,Punjab,36.0739,72.92917,2025-08-05,02:30,245.88,340.05,137.22,71.08,2.79,35.46,20.8,40,1.8,N,9.3,111,Moderate
AQ1583,Lahore,Punjab,30.12442,74.5233,2025-08-06,23:00,52.18,389.85,72.51,45.47,8.97,33.2,40.4,28,10.6,SW,32.4,158,Hazardous
AQ1584,Lahore,Islamabad Capital,36.9552,71.4121,2025-08-07,03:30,97.16,144.25,81.29,7.26,7.43,96.35,22.0,46,35.3,NE,36.2,106,Unhealthy
AQ1585,Lahore,Sindh,26.04103,67.39152,2025-08-08,21:00,67.7,90.32,52.9,39.18,1.02,155.17,10.1,98,15.5,E,11.9,25,Hazardous
AQ1586,Lahore,Sindh,33.21614,67.47472,2025-08-09,04:30,236.73,391.47,12.93,18.43,7.88,192.65,17.4,42,11.1,NE,26.8,488,Very Unhealthy
AQ1587,Quetta,Punjab,32.48404,71.25477,2025-08-10,20:00,242.35,42.7,99.61,36.48,8.48,89.38,13.9,70,10.9,NW,33.2,109,Hazardous
AQ1588,Karachi,Sindh,35.33996,69.00122,2025-08-11,01:30,84.22,124.87,22.35,58.48,10.44,140.81,32.5,99,15.0,N,47.1,65,Hazardous
AQ1589,Lahore,Balochistan,25.20176,74.19223,2025-08-12,06:30,11.2,301.97,56.34,54.07,14.93,130.75,41.4,22,9.8,SW,40.2,413,Hazardous
AQ1590,Peshawar,Sindh,27.64269,71.50478,2025-08-13,01:30,132.77,254.59,55.68,62.84,6.38,84.7,34.3,35,0.1,SW,21.0,204,Moderate
AQ1591,Lahore,Punjab,25.71833,72.08843,2025-08-14,11:30,209.27,280.11,26.9,39.17,7.7,147.01,38.7,27,6.9,W,42.2,100,Hazardous
AQ1592,Islamabad,Balochistan,36.13024,66.05239,2025-08-15,23:00,190.53,289.07,101.67,41.84,1.22,122.47,37.2,61,35.3,NE,22.1,499,Unhealthy
AQ1593,Islamabad,Islamabad Capital,29.54626,70.48964,2025-08-16,10:00,139.25,280.73,30.32,74.98,12.49,154.39,5.6,92,3.0,SE,6.5,205,Good
AQ1594,Quetta,KPK,35.83086,69.88048,2025-08-17,04:30,97.56,150.05,117.86,51.23,1.56,46.79,10.0,54,16.5,W,17.1,0,Very Unhealthy
AQ1595,Islamabad,Sindh,27.82729,72.35285,2025-08-18,22:30,147.57,138.37,41.15,60.31,14.01,78.45,21.9,90,18.3,E,40.2,223,Unhealthy
AQ1596,Peshawar,Balochistan,25.64279,69.44375,2025-08-19,12:00,14.38,182.82,46.66,53.83,5.29,137.53,9.5,91,31.1,SW,47.8,69,Good
AQ1597,Lahore,KPK,27.85498,74.78918,2025-08-20,02:30,31.42,326.92,54.84,51.96,5.13,33.71,34.4,67,10.1,SW,49.2,149,Unhealthy
AQ1598,Islamabad,Islamabad Capital,31.76327,72.03183,2025-08-21,07:30,57.18,376.54,27.15,73.26,5.0,156.38,7.8,73,12.4,E,32.0,458,Hazardous
AQ1599,Islamabad,KPK,34.98802,71.93926,2025-08-22,21:30,191.37,192.99,67.97,29.81,14.26,35.35,21.6,55,0.6,NW,23.9,368,Very Unhealthy
AQ1600,Quetta,Islamabad Capital,29.01008,74.27407,2025-08-23,13:30,73.45,52.59,16.65,35.36,14.7,71.65,20.7,25,36.1,W,8.1,214,Unhealthy
AQ1601,Islamabad,Punjab,35.89251,74.95684,2025-08-24,17:30,132.78,376.55,66.93,31.62,14.6,55.13,26.7,90,27.4,SE,5.1,309,Very Unhealthy
AQ1602,Lahore,Punjab,27.17502,67.78039,2025-08-25,16:00,190.21,50.56,54.29,61.69,10.6,21.59,30.2,31,10.5,W,25.9,141,Moderate
AQ1603,Karachi,Islamabad Capital,33.01603,73.2948,2025-08-26,14:30,250.87,80.46,54.05,69.74,1.75,61.42,42.9,78,35.5,NE,36.4,13,Moderate
AQ1604,Lahore,KPK,33.56427,67.46088,2025-08-27,17:30,169.4,349.72,100.8,29.89,5.86,183.19,15.8,84,3.5,E,16.2,467,Hazardous
AQ1605,Islamabad,Sindh,27.56152,70.11339,2025-08-28,12:00,61.37,229.56,116.51,13.1,4.41,15.12,31.6,69,14.7,W,33.7,198,Hazardous
AQ1606,Islamabad,KPK,24.35061,66.90167,2025-08-29,06:00,286.0,154.02,56.62,40.54,10.66,13.2,6.4,62,22.5,S,28.5,18,Moderate
AQ1607,Islamabad,KPK,28.74809,71.61034,2025-08-30,19:00,36.1,373.75,42.99,78.78,7.44,143.81,5.0,62,20.2,NE,47.0,409,Unhealthy
AQ1608,Quetta,Sindh,24.58755,70.21666,2025-08-31,07:00,116.46,384.99,76.68,17.89,9.29,79.71,6.0,68,26.2,SW,10.5,314,Good
AQ1609,Peshawar,KPK,35.7098,71.65829,2025-09-01,18:30,277.18,145.69,119.22,37.26,0.23,53.65,23.0,95,11.9,NE,29.6,149,Good
AQ1610,Lahore,KPK,36.39583,72.10165,2025-09-02,14:30,184.68,350.0,98.46,23.17,11.76,106.69,27.2,74,30.3,S,20.7,261,Moderate
AQ1611,Islamabad,Balochistan,33.55994,71.57489,2025-09-03,06:30,202.17,277.84,10.51,73.97,14.29,60.67,5.2,69,16.2,SE,13.1,318,Good
AQ1612,Karachi,Islamabad Capital,33.4469,68.64626,2025-09-04,01:30,97.49,124.31,74.59,44.97,10.07,84.48,20.9,40,5.0,SW,17.9,332,Unhealthy
AQ1613,Quetta,Punjab,27.1316,73.53263,2025-09-05,00:00,32.78,377.74,148.69,47.14,12.79,145.91,6.6,32,29.6,E,14.7,73,Good
AQ1614,Peshawar,Islamabad Capital,24.96103,70.96518,2025-09-06,01:00,116.07,43.97,56.2,2.64,7.23,32.21,31.1,61,36.5,W,26.4,437,Good
AQ1615,Islamabad,KPK,34.42736,70.40866,2025-09-07,22:00,126.63,140.82,68.9,52.92,0.4,192.33,30.2,34,14.6,W,27.9,382,Moderate
AQ1616,Lahore,Sindh,31.26911,74.88357,2025-09-08,17:30,88.38,170.58,46.67,25.9,14.86,18.08,36.4,69,23.6,E,43.3,402,Very Unhealthy
AQ1617,Karachi,Sindh,32.86116,68.55157,2025-09-09,01:30,72.49,282.45,77.17,42.05,0.98,163.24,26.9,20,27.5,SE,39.1,350,Very Unhealthy
AQ1618,Quetta,Punjab,34.13533,70.75227,2025-09-10,21:00,113.1,34.6,28.33,43.42,2.97,147.67,29.9,70,33.3,SW,15.1,265,Unhealthy
AQ1619,Lahore,Punjab,29.32265,72.14092,2025-09-11,06:30,195.43,358.12,40.82,48.19,0.88,63.6,16.2,53,7.9,S,46.6,292,Very Unhealthy
AQ1620,Lahore,Punjab,25.87911,67.12703,2025-09-12,12:00,285.22,270.46,108.2,66.24,9.41,32.48,8.4,61,22.8,S,43.4,460,Hazardous
AQ1621,Quetta,Sindh,34.33548,69.18816,2025-09-13,19:00,214.1,124.51,25.05,25.32,8.79,171.95,34.5,81,29.6,SW,31.3,144,Moderate
AQ1622,Lahore,KPK,29.89895,73.2152,2025-09-14,01:00,236.08,270.17,139.29,21.98,3.22,139.13,29.5,51,8.0,SE,0.9,438,Very Unhealthy
AQ1623,Karachi,Punjab,34.75002,68.13082,2025-09-15,03:00,98.76,224.03,49.65,64.07,14.35,65.27,42.5,80,18.9,S,10.5,132,Good
AQ1624,Karachi,Punjab,29.69009,70.43961,2025-09-16,03:30,40.36,147.78,88.38,58.06,13.71,13.22,44.6,73,18.6,SW,39.5,404,Very Unhealthy
AQ1625,Lahore,Sindh,26.82121,71.67568,2025-09-17,21:30,94.54,30.87,51.67,19.6,4.27,188.31,38.9,93,33.6,NE,22.7,373,Moderate
AQ1626,Islamabad,KPK,26.22307,72.04046,2025-09-18,03:00,126.77,229.42,74.31,2.07,9.92,86.81,44.4,77,31.1,SW,6.3,422,Good
AQ1627,Lahore,Punjab,33.67098,72.55479,2025-09-19,23:30,210.07,51.23,136.05,53.94,12.84,43.49,30.9,43,9.3,SE,20.4,147,Good
AQ1628,Islamabad,KPK,31.47356,73.7938,2025-09-20,12:00,282.41,327.87,14.94,14.26,5.46,183.25,8.7,46,9.3,W,10.6,454,Moderate
AQ1629,Lahore,Balochistan,29.25984,69.53573,2025-09-21,08:00,244.69,53.64,129.17,76.65,3.88,78.21,8.6,40,28.9,N,44.6,398,Unhealthy
AQ1630,Peshawar,Punjab,30.39752,72.35969,2025-09-22,12:30,87.26,182.92,85.85,49.14,3.92,98.02,37.3,37,29.6,NE,44.5,78,Unhealthy
AQ1631,Karachi,Punjab,31.1453,72.58957,2025-09-23,01:30,247.89,185.13,101.44,68.27,12.32,142.74,14.5,74,7.2,SW,19.4,308,Moderate
AQ1632,Lahore,Sindh,27.11241,68.70247,2025-09-24,08:30,129.41,231.36,13.1,64.84,7.0,165.69,7.4,87,16.4,NE,6.9,214,Moderate
AQ1633,Karachi,Balochistan,28.91615,74.71342,2025-09-25,01:30,60.88,35.01,115.4,45.51,10.76,29.03,23.9,66,33.0,W,17.9,32,Moderate
AQ1634,Quetta,Balochistan,27.80135,73.78697,2025-09-26,08:00,143.76,97.46,23.53,36.19,9.79,180.75,17.6,73,3.2,E,6.4,377,Good
AQ1635,Peshawar,Balochistan,29.04951,68.60875,2025-09-27,23:00,173.33,95.81,144.9,40.75,4.66,187.18,28.5,37,15.0,SE,15.2,427,Good
AQ1636,Islamabad,Islamabad Capital,30.50731,72.07562,2025-09-28,08:00,231.39,247.61,120.9,64.63,3.2,59.26,29.0,92,25.8,SE,38.6,193,Moderate
AQ1637,Quetta,Sindh,26.25365,72.46021,2025-09-29,22:00,111.47,120.18,76.47,51.96,1.97,104.5,32.3,83,30.8,NW,14.6,177,Good
AQ1638,Peshawar,Sindh,29.1157,69.88335,2025-09-30,12:00,52.57,74.79,139.0,18.05,0.46,173.0,28.1,68,26.1,W,27.2,287,Hazardous
AQ1639,Quetta,Punjab,29.01143,73.77369,2025-10-01,01:00,37.36,26.97,29.52,49.53,1.31,102.6,20.2,54,15.9,E,5.9,334,Moderate
AQ1640,Karachi,Sindh,27.71805,72.21206,2025-10-02,05:30,42.61,339.41,148.79,33.56,3.92,101.58,5.9,58,39.7,W,17.4,454,Good
AQ1641,Peshawar,Punjab,36.98045,71.92339,2025-10-03,13:00,285.51,389.19,108.94,6.78,10.73,127.52,41.2,77,1.7,NE,2.0,200,Unhealthy
AQ1642,Quetta,Punjab,24.95716,67.98756,2025-10-04,08:00,286.01,287.24,19.26,31.74,2.41,155.81,18.1,76,19.8,SE,27.4,438,Moderate
AQ1643,Islamabad,Islamabad Capital,32.35836,69.67058,2025-10-05,10:30,290.94,176.83,82.81,19.75,7.9,136.47,25.3,25,20.4,NW,17.4,411,Moderate
AQ1644,Peshawar,Sindh,26.2677,69.9053,2025-10-06,19:00,97.72,66.36,108.08,67.41,3.75,129.05,27.3,97,9.6,SE,43.6,469,Moderate
AQ1645,Peshawar,Sindh,34.91381,72.60295,2025-10-07,19:00,65.57,200.54,93.89,10.19,7.73,80.62,17.6,97,22.3,S,19.6,2,Very Unhealthy
AQ1646,Quetta,Islamabad Capital,35.88455,71.56555,2025-10-08,21:00,294.47,193.78,66.47,30.13,11.28,129.71,17.3,39,8.8,NE,27.9,52,Moderate
AQ1647,Lahore,Islamabad Capital,29.21921,66.77275,2025-10-09,23:30,296.6,179.55,40.98,56.25,4.06,29.62,15.4,69,17.7,SW,48.8,425,Unhealthy
AQ1648,Islamabad,Sindh,34.70522,68.76928,2025-10-10,17:30,32.72,163.76,39.54,72.0,5.28,87.82,14.7,28,17.3,NE,32.1,257,Good
AQ1649,Islamabad,Sindh,27.24882,70.25743,2025-10-11,07:30,228.23,208.77,139.41,28.15,10.87,45.79,6.2,95,30.9,N,25.0,120,Moderate
AQ1650,Quetta,Punjab,25.82089,72.6306,2025-10-12,18:00,93.71,47.81,39.04,49.3,8.24,112.14,43.3,33,37.7,NE,4.9,149,Hazardous
AQ1651,Karachi,KPK,28.10642,72.69212,2025-10-13,14:00,273.7,34.55,144.55,31.14,1.51,59.79,28.8,42,8.1,NE,41.0,152,Good
AQ1652,Karachi,Punjab,28.44176,70.41489,2025-10-14,06:30,35.88,44.3,35.48,17.82,11.4,106.13,9.3,67,39.7,NE,32.1,216,Unhealthy
AQ1653,Lahore,Balochistan,29.16565,67.05239,2025-10-15,03:00,267.69,96.0,60.72,27.41,4.23,157.69,28.7,99,37.6,SW,5.4,415,Very Unhealthy
AQ1654,Lahore,Balochistan,28.84847,68.63613,2025-10-16,20:00,10.76,125.67,6.79,51.6,5.84,92.46,14.3,75,4.5,NW,12.3,491,Unhealthy
AQ1655,Quetta,KPK,29.34488,68.29223,2025-10-17,13:30,161.37,84.39,135.96,57.87,3.75,51.56,17.4,59,36.5,N,26.9,134,Very Unhealthy
AQ1656,Karachi,Islamabad Capital,33.23043,73.02924,2025-10-18,06:00,107.31,115.73,20.13,30.91,8.2,52.37,37.0,88,22.6,E,2.3,255,Good
AQ1657,Islamabad,Balochistan,27.19254,67.61988,2025-10-19,07:30,133.93,90.62,56.81,13.9,10.65,182.19,40.4,58,35.2,NW,35.9,61,Very Unhealthy
AQ1658,Karachi,Islamabad Capital,24.24148,70.18429,2025-10-20,10:00,135.8,77.28,127.17,12.89,12.07,158.37,33.0,93,37.8,NW,11.4,286,Good
AQ1659,Quetta,Islamabad Capital,30.36585,72.03647,2025-10-21,01:30,199.54,131.33,119.83,65.38,13.84,16.95,42.3,62,34.4,SE,24.5,62,Unhealthy
AQ1660,Karachi,Punjab,29.82779,74.68308,2025-10-22,19:00,16.7,171.05,127.02,52.96,5.45,189.12,41.2,50,16.1,SE,12.1,292,Unhealthy
AQ1661,Peshawar,Islamabad Capital,24.78084,74.99317,2025-10-23,17:00,210.5,302.82,137.55,58.79,14.0,31.39,27.0,89,25.5,SE,24.5,67,Very Unhealthy
AQ1662,Quetta,KPK,25.73942,74.5763,2025-10-24,07:00,16.44,383.11,137.11,40.08,9.29,134.06,41.3,22,18.6,SE,9.5,224,Hazardous
AQ1663,Peshawar,Punjab,30.62897,72.46418,2025-10-25,12:30,63.73,369.21,116.72,37.67,5.9,114.79,26.8,23,14.7,SE,29.7,334,Unhealthy
AQ1664,Quetta,KPK,27.05176,72.71797,2025-10-26,22:30,185.96,200.85,89.45,18.47,13.32,18.87,9.2,46,10.0,N,45.5,136,Very Unhealthy
AQ1665,Islamabad,Islamabad Capital,35.40878,72.83289,2025-10-27,03:00,35.07,195.31,86.42,15.13,8.74,66.08,38.2,46,17.7,S,40.4,453,Moderate
AQ1666,Quetta,Balochistan,26.2528,73.76344,2025-10-28,08:30,297.36,67.77,6.87,14.01,6.87,157.41,10.2,66,32.2,E,12.1,45,Good
AQ1667,Quetta,Islamabad Capital,24.26159,74.56607,2025-10-29,12:00,237.47,389.26,109.77,79.36,0.27,68.31,17.6,79,33.8,SE,24.9,94,Moderate
AQ1668,Quetta,KPK,29.81833,70.01136,2025-10-30,18:00,214.64,308.84,37.87,66.03,10.79,101.26,20.2,55,38.3,SW,21.2,289,Moderate
AQ1669,Quetta,Sindh,36.82012,69.7486,2025-10-31,10:00,87.63,342.08,125.16,50.84,1.25,142.61,37.3,65,11.6,NW,48.3,363,Moderate
AQ1670,Lahore,Sindh,32.24034,70.14418,2025-11-01,03:30,24.08,108.98,85.3,18.72,4.41,23.6,8.3,80,26.0,NW,39.9,246,Very Unhealthy
AQ1671,Peshawar,Balochistan,28.60239,71.93835,2025-11-02,09:30,293.85,172.41,148.15,28.34,14.43,168.2,22.8,61,27.8,N,5.4,315,Unhealthy
AQ1672,Quetta,KPK,24.21928,72.97901,2025-11-03,08:30,52.88,59.01,35.49,29.36,2.41,17.9,22.5,26,7.7,S,8.4,485,Moderate
AQ1673,Quetta,Balochistan,30.30433,73.8349,2025-11-04,09:00,250.86,377.51,109.9,39.26,4.75,59.85,28.3,49,14.7,SE,35.1,396,Very Unhealthy
AQ1674,Lahore,Punjab,26.68406,70.1059,2025-11-05,01:00,67.28,128.62,84.39,34.92,13.99,154.98,19.2,69,13.7,SW,8.0,291,Unhealthy
AQ1675,Karachi,Islamabad Capital,32.4208,69.27035,2025-11-06,18:30,118.49,246.48,140.11,74.86,5.13,183.26,28.1,66,39.4,S,47.5,479,Good
AQ1676,Lahore,Punjab,31.57911,74.85017,2025-11-07,08:30,211.14,77.84,43.57,58.22,5.0,154.47,44.4,59,38.3,W,49.6,213,Unhealthy
AQ1677,Lahore,Sindh,27.44778,68.08699,2025-11-08,13:00,284.16,325.06,13.62,8.35,9.75,53.13,7.9,24,32.9,SE,38.9,255,Unhealthy
AQ1678,Lahore,Islamabad Capital,24.89548,67.99804,2025-11-09,07:00,15.74,90.81,83.86,30.08,2.06,197.29,40.0,89,18.9,W,1.3,47,Moderate
AQ1679,Quetta,Punjab,33.81525,72.43867,2025-11-10,22:30,85.62,327.57,80.63,12.37,14.59,88.53,17.3,77,10.6,NW,24.1,92,Very Unhealthy
AQ1680,Lahore,Sindh,31.61103,67.61692,2025-11-11,10:00,231.84,172.67,50.2,23.79,4.2,81.53,23.6,63,36.6,NW,20.3,458,Hazardous
AQ1681,Lahore,Punjab,34.94764,69.59468,2025-11-12,10:30,60.28,239.55,148.05,76.79,11.81,174.39,34.6,90,10.7,NE,40.0,5,Good
AQ1682,Lahore,Islamabad Capital,27.3774,68.63148,2025-11-13,03:30,42.32,122.49,15.11,57.01,4.39,22.58,41.4,51,20.9,E,14.4,388,Very Unhealthy
AQ1683,Quetta,Punjab,32.48721,67.51839,2025-11-14,05:00,23.39,355.46,87.58,2.61,4.2,115.66,5.4,98,9.8,N,19.3,192,Moderate
AQ1684,Islamabad,Islamabad Capital,25.54285,71.21737,2025-11-15,21:00,155.72,308.75,42.73,27.65,0.96,193.47,31.5,96,38.9,NE,4.7,498,Very Unhealthy
AQ1685,Islamabad,Punjab,27.79353,69.3616,2025-11-16,05:30,232.64,154.62,5.28,36.22,1.88,29.02,7.8,93,1.7,E,17.1,102,Hazardous
AQ1686,Karachi,Balochistan,32.53501,70.16011,2025-11-17,23:30,288.9,242.44,148.24,49.0,7.88,112.76,26.0,59,7.0,NW,48.7,433,Good
AQ1687,Quetta,Punjab,34.73256,67.76277,2025-11-18,19:00,87.57,69.02,74.83,40.98,8.69,35.17,35.0,76,30.6,W,47.1,73,Unhealthy
AQ1688,Lahore,Punjab,28.17203,72.9108,2025-11-19,13:00,45.2,80.98,129.29,7.44,12.26,179.1,11.8,30,6.1,N,37.5,73,Good
AQ1689,Lahore,Balochistan,34.3851,68.83241,2025-11-20,17:00,126.74,222.8,126.81,42.21,1.0,121.67,35.6,59,39.2,S,45.4,112,Hazardous
AQ1690,Lahore,Sindh,32.81078,69.08446,2025-11-21,00:30,26.08,263.43,122.78,12.16,5.41,54.57,17.4,66,12.9,S,10.6,151,Good
AQ1691,Islamabad,Islamabad Capital,28.53277,68.26939,2025-11-22,17:00,106.09,231.82,71.56,42.5,3.08,68.34,29.4,21,36.7,NE,31.1,262,Good
AQ1692,Lahore,KPK,35.39316,69.90963,2025-11-23,15:00,196.49,232.58,134.91,21.19,5.43,108.16,31.3,71,26.5,NE,25.0,85,Moderate
AQ1693,Lahore,Sindh,30.61998,70.17219,2025-11-24,03:30,58.77,302.07,58.25,13.25,5.38,147.82,31.0,91,25.4,N,21.1,57,Unhealthy
AQ1694,Islamabad,Islamabad Capital,32.42721,70.767,2025-11-25,09:30,193.24,362.91,64.22,24.46,5.38,102.62,5.7,68,36.6,S,16.2,148,Hazardous
AQ1695,Lahore,Punjab,30.44321,74.70811,2025-11-26,03:30,291.87,167.29,42.08,9.77,4.71,45.96,11.1,78,20.5,SE,43.3,213,Moderate
AQ1696,Karachi,Sindh,29.88536,74.14223,2025-11-27,01:30,260.62,224.03,69.97,24.15,11.48,144.54,39.2,57,16.0,SE,24.2,416,Good
AQ1697,Peshawar,Punjab,35.02371,71.48453,2025-11-28,15:00,113.48,359.35,148.04,69.62,10.38,32.49,42.6,35,8.7,NE,36.2,299,Good
AQ1698,Karachi,Sindh,27.83116,66.35013,2025-11-29,15:30,132.23,196.43,88.12,25.96,5.19,163.79,27.5,97,5.8,SW,35.3,280,Very Unhealthy
AQ1699,Quetta,Sindh,24.47618,71.51034,2025-11-30,06:00,131.6,189.16,125.51,38.68,2.28,85.16,28.9,46,31.7,S,6.8,94,Moderate
